Symbol,Dir,Source,Entry_TS,Entry,SL,Risk_pts,Exit_TS,Exit,Reason,PnL_pts,PnL_Rs,Zone_Lo,Zone_Hi
NIFTY,SHORT,C2,2026-05-04 10:10,24181.05,24571.25,390.20,2026-05-04 10:35,24196.85,TSL,-15.80,-1185,24190.50,24571.25
NIFTY,SHORT,C2,2026-05-04 11:00,24181.05,24571.25,390.20,2026-05-04 11:15,24227.80,TSL,-46.75,-3506,24254.30,24571.25
NIFTY,SHORT,C2,2026-05-04 12:10,24181.05,24334.70,153.65,2026-05-04 13:45,24090.65,TSL,90.40,6780,24281.10,24334.70
NIFTY,SHORT,C2,2026-05-04 13:55,24181.05,24334.70,153.65,2026-05-04 14:15,24111.60,TSL,69.45,5209,24049.00,24334.70
NIFTY,SHORT,C2,2026-05-05 10:25,23949.40,24334.70,385.30,2026-05-05 11:00,23950.30,TSL,-0.90,-67,23936.50,24334.70
NIFTY,SHORT,TWEAK,2026-05-05 11:10,23944.65,23994.45,49.80,2026-05-05 12:05,23919.20,TSL,25.45,1909,23961.25,23992.30
NIFTY,SHORT,TWEAK,2026-05-05 12:10,23944.65,24045.35,100.70,2026-05-05 12:45,23974.45,TSL,-29.80,-2235,23961.25,24045.35
NIFTY,LONG,C2,2026-05-05 12:55,23966.80,23796.85,169.95,2026-05-05 13:30,24030.60,TSL,63.80,4785,23796.85,23936.20
NIFTY,SHORT,C2,2026-05-06 09:40,24156.95,24334.70,177.75,2026-05-06 10:20,24141.60,TSL,15.35,1151,24093.80,24334.70
NIFTY,SHORT,C2,2026-05-06 10:25,24156.95,24334.70,177.75,2026-05-06 11:25,24104.65,TSL,52.30,3922,24174.65,24334.70
NIFTY,SHORT,C2,2026-05-06 11:40,24156.95,24334.70,177.75,2026-05-06 13:05,24025.35,TSL,131.60,9870,24181.80,24334.70
NIFTY,SHORT,C2,2026-05-06 13:10,24156.95,24334.70,177.75,2026-05-06 13:30,24085.80,TSL,71.15,5336,24107.60,24334.70
NIFTY,SHORT,C2,2026-05-06 13:40,24156.95,24334.70,177.75,2026-05-06 14:10,24120.25,TSL,36.70,2753,23971.20,24334.70
NIFTY,LONG,TWEAK,2026-05-07 09:25,24332.05,24133.40,198.65,2026-05-07 10:10,24325.65,TSL,-6.40,-480,24242.80,24249.15
NIFTY,LONG,TWEAK,2026-05-07 10:25,24332.05,24061.10,270.95,2026-05-07 10:50,24352.85,TSL,20.80,1560,24061.10,24290.20
NIFTY,LONG,TWEAK,2026-05-07 10:55,24332.05,24081.70,250.35,2026-05-07 11:20,24310.05,TSL,-22.00,-1650,24081.70,24250.85
NIFTY,LONG,TWEAK,2026-05-07 11:30,24332.05,24121.35,210.70,2026-05-07 12:30,24355.15,TSL,23.10,1733,24121.35,24250.85
NIFTY,LONG,TWEAK,2026-05-07 12:40,24356.50,24206.00,150.50,2026-05-07 13:15,24377.70,TSL,21.20,1590,24206.00,24334.70
NIFTY,LONG,C2,2026-05-08 11:55,24199.65,23882.05,317.60,2026-05-08 12:35,24172.20,TSL,-27.45,-2059,23882.05,24172.20
NIFTY,LONG,C2,2026-05-08 13:10,24175.70,23796.85,378.85,2026-05-08 13:55,24166.50,TSL,-9.20,-690,23796.85,24197.45
NIFTY,SHORT,TWEAK,2026-05-11 10:30,23864.10,23959.55,95.45,2026-05-11 10:50,23874.80,TSL,-10.70,-803,23882.05,23913.55
NIFTY,LONG,C2,2026-05-11 13:40,23959.55,23796.85,162.70,2026-05-11 14:00,23965.70,TSL,6.15,461,23796.85,24263.65
NIFTY,SHORT,TWEAK,2026-05-12 09:25,23864.10,23959.55,95.45,2026-05-12 10:15,23652.20,TSL,211.90,15892,23882.05,23908.05
NIFTY,SHORT,TWEAK,2026-05-12 10:25,23864.10,24004.75,140.65,2026-05-12 13:15,23536.80,TSL,327.30,24547,23882.05,24004.75
NIFTY,SHORT,TWEAK,2026-05-12 13:25,23864.10,24083.60,219.50,2026-05-12 15:15,23356.00,EOD,508.10,38107,23882.05,24083.60
NIFTY,SHORT,TWEAK,2026-05-13 09:25,23864.10,24061.85,197.75,2026-05-13 10:00,23387.65,TSL,476.45,35734,23882.05,24061.85
NIFTY,LONG,C2,2026-05-14 10:40,23532.95,23262.55,270.40,2026-05-14 14:15,23740.00,TSL,207.05,15529,23262.55,23447.85
NIFTY,LONG,TWEAK,2026-05-15 09:25,23669.45,23564.05,105.40,2026-05-15 10:05,23791.00,TSL,121.55,9116,23564.05,23589.20
NIFTY,LONG,TWEAK,2026-05-15 10:10,23702.50,23582.95,119.55,2026-05-15 11:00,23816.90,TSL,114.40,8580,23582.95,23669.45
NIFTY,LONG,C2,2026-05-15 13:10,23730.45,23663.35,67.10,2026-05-15 13:30,23765.70,TSL,35.25,2644,23663.35,23689.30
NIFTY,SHORT,TWEAK,2026-05-15 13:40,23732.25,24059.95,327.70,2026-05-15 15:15,23643.60,EOD,88.65,6649,23796.85,24059.95
NIFTY,LONG,C2,2026-05-18 10:25,23372.20,23262.55,109.65,2026-05-18 11:55,23494.40,TSL,122.20,9165,23262.55,23508.35
NIFTY,LONG,C2,2026-05-18 12:10,23465.95,23426.55,39.40,2026-05-18 14:20,23606.70,TSL,140.75,10556,23426.55,23480.25
NIFTY,SHORT,C2,2026-05-19 12:10,23745.70,23839.30,93.60,2026-05-19 14:10,23716.00,TSL,29.70,2228,23768.75,23839.30
NIFTY,LONG,C2,2026-05-20 09:40,23481.95,23262.55,219.40,2026-05-20 10:00,23511.95,TSL,30.00,2250,23262.55,23577.85
NIFTY,LONG,C2,2026-05-20 10:10,23481.95,23426.55,55.40,2026-05-20 10:45,23519.90,TSL,37.95,2846,23426.55,23446.70
NIFTY,LONG,C2,2026-05-20 10:55,23481.95,23262.55,219.40,2026-05-20 12:00,23604.90,TSL,122.95,9221,23262.55,23605.05
NIFTY,SHORT,C2,2026-05-20 12:10,23588.50,23839.30,250.80,2026-05-20 12:55,23606.45,TSL,-17.95,-1346,23612.85,23839.30
NIFTY,SHORT,C2,2026-05-20 13:10,23604.90,23839.30,234.40,2026-05-20 13:35,23603.95,TSL,0.95,71,23638.65,23839.30
NIFTY,SHORT,C2,2026-05-20 13:50,23588.75,23839.30,250.55,2026-05-20 14:00,23628.15,TSL,-39.40,-2955,23589.20,23839.30
NIFTY,SHORT,C2,2026-05-21 10:35,23750.85,24482.10,731.25,2026-05-21 11:25,23726.15,TSL,24.70,1852,23857.30,24482.10
NIFTY,SHORT,C2,2026-05-21 11:40,23750.85,23839.30,88.45,2026-05-21 13:30,23646.85,TSL,104.00,7800,23837.00,23839.30
NIFTY,SHORT,C2,2026-05-21 13:40,23750.85,23839.30,88.45,2026-05-21 14:45,23674.05,TSL,76.80,5760,23669.45,23839.30
NIFTY,LONG,C2,2026-05-22 09:40,23756.65,23397.30,359.35,2026-05-22 11:05,23775.10,TSL,18.45,1384,23397.30,23674.00
NIFTY,LONG,C2,2026-05-22 11:10,23756.65,23397.30,359.35,2026-05-22 12:00,23800.70,TSL,44.05,3304,23397.30,23719.30
NIFTY,LONG,TWEAK,2026-05-22 12:10,23794.20,23728.05,66.15,2026-05-22 13:15,23812.95,TSL,18.75,1406,23768.95,23782.30
NIFTY,LONG,TWEAK,2026-05-22 13:25,23794.20,23661.65,132.55,2026-05-22 13:50,23800.80,TSL,6.60,495,23661.65,23782.30
NIFTY,LONG,TWEAK,2026-05-22 13:55,23794.20,23637.90,156.30,2026-05-22 14:25,23744.80,TSL,-49.40,-3705,23637.90,23782.30
NIFTY,LONG,C2,2026-05-27 10:25,23946.40,23262.55,683.85,2026-05-27 11:35,23959.00,TSL,12.60,945,23262.55,23902.45
NIFTY,LONG,C2,2026-05-27 11:40,23946.40,23262.55,683.85,2026-05-27 12:00,23928.75,TSL,-17.65,-1324,23262.55,23905.05
NIFTY,SHORT,C2,2026-05-29 09:40,23889.15,24089.80,200.65,2026-05-29 10:00,23922.80,TSL,-33.65,-2524,23991.00,24089.80
NIFTY,LONG,C2,2026-05-29 10:10,23933.85,23262.55,671.30,2026-05-29 10:40,23908.95,TSL,-24.90,-1867,23262.55,23882.05
NIFTY,SHORT,C2,2026-05-29 10:55,23889.15,24089.80,200.65,2026-05-29 11:50,23894.50,TSL,-5.35,-401,23992.70,24089.80
NIFTY,SHORT,C2,2026-05-29 11:55,23889.15,24089.80,200.65,2026-05-29 14:25,23759.50,TSL,129.65,9724,23995.90,24089.80
NIFTY,SHORT,TWEAK,2026-06-01 09:25,23825.35,23902.45,77.10,2026-06-01 10:45,23555.15,TSL,270.20,20265,23871.10,23902.45
NIFTY,SHORT,TWEAK,2026-06-01 10:55,23825.35,23918.90,93.55,2026-06-01 12:45,23526.00,TSL,299.35,22451,23871.10,23918.90
NIFTY,SHORT,TWEAK,2026-06-01 12:55,23825.35,23909.80,84.45,2026-06-01 13:35,23486.45,TSL,338.90,25417,23868.50,23909.80
NIFTY,SHORT,TWEAK,2026-06-01 13:40,23825.35,23947.30,121.95,2026-06-01 15:15,23389.40,EOD,435.95,32696,23868.50,23947.30
NIFTY,SHORT,TWEAK,2026-06-02 09:25,23825.35,23935.60,110.25,2026-06-02 09:50,23307.15,TSL,518.20,38865,23868.50,23935.60
NIFTY,SHORT,TWEAK,2026-06-02 09:55,23825.35,23922.85,97.50,2026-06-02 10:20,23325.15,TSL,500.20,37515,23868.50,23922.85
NIFTY,SHORT,TWEAK,2026-06-02 10:25,23825.35,23891.65,66.30,2026-06-02 11:20,23314.65,TSL,510.70,38302,23871.10,23882.05
NIFTY,SHORT,TWEAK,2026-06-02 11:25,23731.25,23759.50,28.25,2026-06-02 12:30,23297.35,TSL,433.90,32543,23744.80,23758.85
NIFTY,SHORT,TWEAK,2026-06-02 12:40,23731.25,23759.50,28.25,2026-06-02 13:10,23470.80,TSL,260.45,19534,23744.80,23750.05
NIFTY,SHORT,TWEAK,2026-06-02 13:25,23558.45,23728.05,169.60,2026-06-02 14:05,23530.05,TSL,28.40,2130,23596.60,23728.05
NIFTY,SHORT,TWEAK,2026-06-03 09:55,23244.45,23299.80,55.35,2026-06-03 12:25,23202.75,TSL,41.70,3128,23270.95,23281.55
NIFTY,SHORT,C2,2026-06-04 10:40,23417.05,23546.80,129.75,2026-06-04 11:35,23403.80,TSL,13.25,994,23373.20,23546.80
NIFTY,SHORT,C2,2026-06-04 11:50,23417.05,23546.80,129.75,2026-06-04 13:35,23368.65,TSL,48.40,3630,23375.95,23546.80
NIFTY,SHORT,C2,2026-06-05 10:00,23439.30,24089.80,650.50,2026-06-05 11:00,23404.65,TSL,34.65,2599,23494.60,24089.80
NIFTY,SHORT,C2,2026-06-05 11:15,23439.30,24089.80,650.50,2026-06-05 12:20,23440.95,TSL,-1.65,-124,23503.80,24089.80
NIFTY,SHORT,C2,2026-06-05 12:25,23439.30,23546.80,107.50,2026-06-05 13:55,23328.60,TSL,110.70,8303,23470.80,23546.80
NIFTY,SHORT,TWEAK,2026-06-08 09:25,23212.10,23413.00,200.90,2026-06-08 09:55,23185.20,TSL,26.90,2017,23229.15,23413.00
NIFTY,SHORT,TWEAK,2026-06-08 10:10,23212.10,23317.10,105.00,2026-06-08 10:30,23188.00,TSL,24.10,1807,23229.15,23317.10
NIFTY,SHORT,TWEAK,2026-06-08 10:40,23212.10,23262.55,50.45,2026-06-08 11:35,23204.70,TSL,7.40,555,23229.15,23262.55
NIFTY,SHORT,TWEAK,2026-06-08 11:40,23310.55,23381.30,70.75,2026-06-08 12:20,23215.30,TSL,95.25,7144,23313.15,23381.30
NIFTY,SHORT,TWEAK,2026-06-08 12:25,23310.55,23360.80,50.25,2026-06-08 12:50,23245.60,TSL,64.95,4871,23313.15,23359.45
NIFTY,LONG,C2,2026-06-08 12:55,23157.05,23151.50,5.55,2026-06-08 13:20,23212.55,TSL,55.50,4162,23151.50,23194.80
NIFTY,LONG,C2,2026-06-08 13:25,23157.05,23151.50,5.55,2026-06-08 13:45,23151.50,SL,-5.55,-416,23151.50,23229.15
NIFTY,LONG,C2,2026-06-08 13:55,23157.05,23151.50,5.55,2026-06-08 14:15,23151.50,SL,-5.55,-416,23151.50,23225.50
NIFTY,SHORT,C2,2026-06-09 09:55,23194.90,23516.35,321.45,2026-06-09 11:45,23158.55,TSL,36.35,2726,23255.30,23516.35
NIFTY,SHORT,C2,2026-06-09 13:55,23194.90,23267.30,72.40,2026-06-09 14:35,23217.05,TSL,-22.15,-1661,23223.45,23267.30
NIFTY,LONG,C2,2026-06-10 09:40,23350.20,23247.30,102.90,2026-06-10 10:00,23353.20,TSL,3.00,225,23247.30,23275.05
NIFTY,SHORT,C2,2026-06-10 10:25,23317.00,23516.35,199.35,2026-06-10 10:45,23351.55,TSL,-34.55,-2591,23347.55,23516.35
NIFTY,SHORT,TWEAK,2026-06-11 09:25,23142.50,23172.30,29.80,2026-06-11 09:45,23148.60,TSL,-6.10,-457,23148.70,23172.30
NIFTY,LONG,C2,2026-06-11 09:55,23148.05,23104.45,43.60,2026-06-11 10:05,23104.45,SL,-43.60,-3270,23104.45,23148.70
NIFTY,LONG,C2,2026-06-11 10:10,23148.05,23104.45,43.60,2026-06-11 10:50,23185.15,TSL,37.10,2783,23104.45,23150.40
NIFTY,LONG,C2,2026-06-11 10:55,23148.05,23104.45,43.60,2026-06-11 12:45,23288.10,TSL,140.05,10504,23104.45,23193.80
NIFTY,LONG,TWEAK,2026-06-11 12:55,23291.70,23247.80,43.90,2026-06-11 13:15,23256.30,TSL,-35.40,-2655,23247.80,23259.45
NIFTY,LONG,C2,2026-06-11 13:25,23148.05,23070.15,77.90,2026-06-11 14:05,23214.55,TSL,66.50,4988,23070.15,23282.65
NIFTY,SHORT,C2,2026-06-12 09:40,23400.55,23516.35,115.80,2026-06-12 10:55,23357.50,TSL,43.05,3229,23451.65,23516.35
NIFTY,SHORT,C2,2026-06-12 11:10,23400.55,23516.35,115.80,2026-06-12 11:45,23377.90,TSL,22.65,1699,23433.75,23516.35
NIFTY,SHORT,C2,2026-06-12 11:55,23400.55,23516.35,115.80,2026-06-12 13:00,23329.90,TSL,70.65,5299,23450.10,23516.35
NIFTY,SHORT,C2,2026-06-12 13:10,23400.55,23516.35,115.80,2026-06-12 13:30,23392.50,TSL,8.05,604,23427.05,23516.35
NIFTY,LONG,TWEAK,2026-06-15 09:25,23480.25,23389.05,91.20,2026-06-15 11:10,23974.75,TSL,494.50,37088,23406.30,23425.35
NIFTY,LONG,TWEAK,2026-06-15 11:25,23480.25,23389.05,91.20,2026-06-15 12:00,23957.25,TSL,477.00,35775,23409.80,23425.35
NIFTY,LONG,TWEAK,2026-06-15 12:10,23480.25,23384.45,95.80,2026-06-15 13:40,23897.20,TSL,416.95,31271,23384.45,23425.35
NIFTY,LONG,TWEAK,2026-06-15 13:55,23480.25,23223.20,257.05,2026-06-15 14:50,23907.45,TSL,427.20,32040,23223.20,23425.35
NIFTY,LONG,TWEAK,2026-06-16 09:25,23480.25,23226.65,253.60,2026-06-16 10:00,23917.05,TSL,436.80,32760,23226.65,23425.35
NIFTY,LONG,TWEAK,2026-06-16 10:10,23480.25,23168.05,312.20,2026-06-16 11:00,23959.60,TSL,479.35,35951,23168.05,23425.35
NIFTY,LONG,TWEAK,2026-06-16 11:10,23480.25,23259.45,220.80,2026-06-16 11:35,23923.95,TSL,443.70,33278,23259.45,23425.35
NIFTY,LONG,TWEAK,2026-06-16 11:40,23480.25,23267.30,212.95,2026-06-16 12:15,23920.45,TSL,440.20,33015,23267.30,23425.35
NIFTY,LONG,TWEAK,2026-06-16 12:25,23480.25,23376.20,104.05,2026-06-16 14:40,23978.10,TSL,497.85,37339,23376.20,23425.35
NIFTY,LONG,TWEAK,2026-06-17 09:25,23550.30,23380.65,169.65,2026-06-17 10:00,24053.80,TSL,503.50,37762,23380.65,23531.60
NIFTY,LONG,TWEAK,2026-06-18 09:25,24039.30,24002.80,36.50,2026-06-18 10:25,24113.15,TSL,73.85,5539,24002.80,24011.40
NIFTY,LONG,C2,2026-06-18 11:55,24066.35,24005.85,60.50,2026-06-18 13:20,24116.60,TSL,50.25,3769,24005.85,24062.05
NIFTY,LONG,TWEAK,2026-06-18 13:25,24121.05,24066.85,54.20,2026-06-18 13:55,24111.80,TSL,-9.25,-694,24089.80,24108.20
NIFTY,LONG,C2,2026-06-19 09:55,23981.95,23865.85,116.10,2026-06-19 10:30,23965.25,TSL,-16.70,-1253,23865.85,23957.25
NIFTY,SHORT,TWEAK,2026-06-19 10:40,23965.25,24027.35,62.10,2026-06-19 12:10,23956.20,TSL,9.05,679,24005.85,24027.35
NIFTY,SHORT,C2,2026-06-19 12:25,23965.25,24139.65,174.40,2026-06-19 13:30,23933.40,TSL,31.85,2389,24009.10,24139.65
NIFTY,LONG,C2,2026-06-19 13:55,23950.00,23070.15,879.85,2026-06-19 14:50,23957.80,TSL,7.80,585,23070.15,23971.60
NIFTY,LONG,TWEAK,2026-06-22 09:25,24042.65,23904.45,138.20,2026-06-22 10:30,24144.25,TSL,101.60,7620,23972.60,23992.30
NIFTY,LONG,TWEAK,2026-06-22 10:40,24144.05,24103.75,40.30,2026-06-22 11:15,24153.35,TSL,9.30,697,24133.75,24136.30
NIFTY,LONG,TWEAK,2026-06-22 11:25,24144.05,24103.75,40.30,2026-06-22 11:50,24145.70,TSL,1.65,124,24114.20,24136.30
NIFTY,LONG,C2,2026-06-23 09:40,24095.55,23913.15,182.40,2026-06-23 10:25,24113.85,TSL,18.30,1372,23913.15,24094.60
NIFTY,LONG,C2,2026-06-23 10:40,24095.55,23913.15,182.40,2026-06-23 11:30,24112.45,TSL,16.90,1268,23913.15,24050.05
NIFTY,LONG,C2,2026-06-23 11:40,24095.55,23913.15,182.40,2026-06-23 12:00,23972.20,TSL,-123.35,-9251,23913.15,24058.85
NIFTY,SHORT,TWEAK,2026-06-23 13:40,23902.25,23936.25,34.00,2026-06-23 14:10,23898.30,TSL,3.95,296,23913.15,23936.25
NIFTY,SHORT,TWEAK,2026-06-24 09:25,23902.25,23931.35,29.10,2026-06-24 10:00,23873.75,TSL,28.50,2138,23913.15,23924.90
NIFTY,LONG,C2,2026-06-24 12:10,23885.30,23070.15,815.15,2026-06-24 12:30,23981.00,TSL,95.70,7178,23070.15,23815.10
NIFTY,LONG,C2,2026-06-24 12:40,23885.30,23070.15,815.15,2026-06-24 14:00,24051.55,TSL,166.25,12469,23070.15,23875.35
NIFTY,LONG,TWEAK,2026-06-25 09:25,24144.05,24085.60,58.45,2026-06-25 12:20,24236.15,TSL,92.10,6908,24085.60,24139.65
NIFTY,LONG,TWEAK,2026-06-25 12:25,24183.55,24108.20,75.35,2026-06-25 13:10,24181.65,TSL,-1.90,-142,24108.20,24139.65
NIFTY,LONG,TWEAK,2026-06-25 13:25,24144.05,24082.80,61.25,2026-06-25 14:05,24173.80,TSL,29.75,2231,24082.80,24139.65
NIFTY,LONG,C2,2026-06-29 10:20,24094.70,23789.25,305.45,2026-06-29 10:45,24091.30,TSL,-3.40,-255,23789.25,24079.05
NIFTY,LONG,C2,2026-06-29 13:10,23968.55,23789.25,179.30,2026-06-29 13:40,23944.80,TSL,-23.75,-1781,23789.25,24097.15
NIFTY,SHORT,TWEAK,2026-06-30 09:25,23902.25,24036.95,134.70,2026-06-30 10:00,23890.10,TSL,12.15,911,23913.15,24036.95
NIFTY,SHORT,TWEAK,2026-06-30 10:10,23902.25,24005.85,103.60,2026-06-30 10:45,23905.10,TSL,-2.85,-214,23913.15,24005.85
NIFTY,SHORT,TWEAK,2026-06-30 10:55,23902.25,23969.70,67.45,2026-06-30 11:20,23969.70,SL,-67.45,-5059,23913.15,23969.70
NIFTY,LONG,C2,2026-06-30 11:25,23899.50,23789.25,110.25,2026-06-30 12:30,23923.80,TSL,24.30,1822,23789.25,23888.20
NIFTY,LONG,C2,2026-06-30 12:40,23899.50,23789.25,110.25,2026-06-30 13:05,23934.20,TSL,34.70,2603,23789.25,23865.85
NIFTY,LONG,C2,2026-06-30 13:10,23899.50,23789.25,110.25,2026-06-30 13:55,23929.90,TSL,30.40,2280,23789.25,23862.65
NIFTY,LONG,C2,2026-07-01 11:25,23934.90,23789.25,145.65,2026-07-01 12:25,24020.15,TSL,85.25,6394,23789.25,23903.35
NIFTY,LONG,C2,2026-07-01 12:40,23934.90,23789.25,145.65,2026-07-01 13:00,24016.30,TSL,81.40,6105,23789.25,23913.15
NIFTY,LONG,C2,2026-07-01 13:10,23934.90,23789.25,145.65,2026-07-01 14:30,24023.40,TSL,88.50,6638,23789.25,23917.30
NIFTY,LONG,TWEAK,2026-07-02 09:25,24038.35,23981.25,57.10,2026-07-02 10:00,24124.25,TSL,85.90,6443,23981.25,24035.55
NIFTY,SHORT,C2,2026-07-02 12:10,24108.10,24261.60,153.50,2026-07-02 13:00,24133.20,TSL,-25.10,-1883,24130.45,24261.60
NIFTY,LONG,C2,2026-07-02 13:10,24127.60,23789.25,338.35,2026-07-02 13:40,24137.75,TSL,10.15,761,23789.25,24136.55
NIFTY,LONG,C2,2026-07-02 13:55,24127.60,23789.25,338.35,2026-07-02 15:00,24172.60,TSL,45.00,3375,23789.25,24073.15
NIFTY,LONG,TWEAK,2026-07-03 09:25,24185.35,24140.15,45.20,2026-07-03 09:45,24334.50,TSL,149.15,11186,24159.65,24168.05
NIFTY,LONG,TWEAK,2026-07-03 09:55,24185.35,24136.30,49.05,2026-07-03 11:05,24336.80,TSL,151.45,11359,24136.30,24168.05
NIFTY,LONG,TWEAK,2026-07-03 11:10,24185.35,24139.65,45.70,2026-07-03 12:30,24352.95,TSL,167.60,12570,24139.65,24168.05
NIFTY,LONG,TWEAK,2026-07-03 12:40,24185.35,23974.50,210.85,2026-07-03 13:00,24341.70,TSL,156.35,11726,23974.50,24168.05
NIFTY,LONG,TWEAK,2026-07-03 13:10,24185.35,24011.50,173.85,2026-07-03 13:30,24302.85,TSL,117.50,8812,24011.50,24168.05
NIFTY,LONG,TWEAK,2026-07-03 13:40,24185.35,23992.30,193.05,2026-07-03 14:15,24278.90,TSL,93.55,7016,23992.30,24168.05
NIFTY,LONG,TWEAK,2026-07-06 10:20,24394.40,24354.00,40.40,2026-07-06 11:15,24411.40,TSL,17.00,1275,24354.00,24373.35
NIFTY,SHORT,C2,2026-07-08 09:40,24229.90,24261.60,31.70,2026-07-08 09:50,24261.60,SL,-31.70,-2377,24190.25,24261.60
NIFTY,SHORT,C2,2026-07-08 10:15,24229.90,24261.60,31.70,2026-07-08 10:30,24261.60,SL,-31.70,-2377,24135.50,24261.60
NIFTY,LONG,TWEAK,2026-07-08 10:55,24294.20,24136.50,157.70,2026-07-08 11:30,24280.90,TSL,-13.30,-997,24136.50,24261.60
NIFTY,SHORT,TWEAK,2026-07-08 11:55,24252.55,24334.65,82.10,2026-07-08 12:50,24208.40,TSL,44.15,3311,24272.65,24334.65
NIFTY,SHORT,TWEAK,2026-07-08 12:55,24252.55,24319.10,66.55,2026-07-08 15:10,23864.50,TSL,388.05,29104,24272.65,24319.10
NIFTY,SHORT,TWEAK,2026-07-09 09:25,24252.55,24295.15,42.60,2026-07-09 10:05,24061.75,TSL,190.80,14310,24272.65,24295.15
NIFTY,LONG,C2,2026-07-09 10:10,24038.50,23070.15,968.35,2026-07-09 10:45,24029.65,TSL,-8.85,-664,23070.15,24324.55
NIFTY,LONG,C2,2026-07-09 11:20,24038.50,23070.15,968.35,2026-07-09 12:30,24050.30,TSL,11.80,885,23070.15,24284.00
NIFTY,LONG,C2,2026-07-09 12:40,24038.50,23070.15,968.35,2026-07-09 14:00,24048.10,TSL,9.60,720,23070.15,24352.90
NIFTY,LONG,C2,2026-07-10 09:40,24187.90,23070.15,1117.75,2026-07-10 10:30,24202.35,TSL,14.45,1084,23070.15,24354.90
NIFTY,SHORT,C2,2026-07-10 10:40,24195.25,24530.90,335.65,2026-07-10 11:45,24172.35,TSL,22.90,1718,24214.50,24530.90
NIFTY,SHORT,C2,2026-07-10 11:55,24187.95,24530.90,342.95,2026-07-10 12:25,24185.65,TSL,2.30,172,24155.35,24530.90
NIFTY,SHORT,C2,2026-07-10 12:40,24187.95,24530.90,342.95,2026-07-10 13:35,24188.45,TSL,-0.50,-38,24137.70,24530.90
NIFTY,SHORT,C2,2026-07-10 13:50,24187.95,24530.90,342.95,2026-07-10 14:20,24199.95,TSL,-12.00,-900,24116.80,24530.90
NIFTY,LONG,C2,2026-07-13 09:40,24044.45,23877.50,166.95,2026-07-13 10:50,24132.00,TSL,87.55,6566,23877.50,24002.05
NIFTY,LONG,C2,2026-07-13 10:55,24044.45,23877.50,166.95,2026-07-13 11:40,24133.00,TSL,88.55,6641,23877.50,24067.50
NIFTY,LONG,C2,2026-07-13 11:55,24044.45,23877.50,166.95,2026-07-13 13:20,24209.60,TSL,165.15,12386,23877.50,24115.75
NIFTY,LONG,C2,2026-07-13 13:25,24044.45,23877.50,166.95,2026-07-13 15:05,24226.95,TSL,182.50,13688,23877.50,24080.85
NIFTY,SHORT,C2,2026-07-14 13:40,24050.55,24530.90,480.35,2026-07-14 15:00,24053.00,TSL,-2.45,-184,24049.90,24530.90
NIFTY,LONG,TWEAK,2026-07-15 10:15,24216.60,24190.20,26.40,2026-07-15 10:35,24200.40,TSL,-16.20,-1215,24199.80,24207.30
NIFTY,LONG,C2,2026-07-15 10:40,24211.75,24000.20,211.55,2026-07-15 11:10,24184.10,TSL,-27.65,-2074,24000.20,24160.75
NIFTY,SHORT,C2,2026-07-15 11:25,24190.60,24530.90,340.30,2026-07-15 12:10,24189.45,TSL,1.15,86,24159.45,24530.90
NIFTY,SHORT,C2,2026-07-15 12:25,24190.60,24530.90,340.30,2026-07-15 13:15,24077.70,TSL,112.90,8467,24026.85,24530.90
NIFTY,SHORT,C2,2026-07-15 13:25,24190.60,24530.90,340.30,2026-07-15 13:55,24076.65,TSL,113.95,8546,24020.65,24530.90
NIFTY,SHORT,C2,2026-07-16 09:40,24117.55,24530.90,413.35,2026-07-16 10:45,24126.75,TSL,-9.20,-690,23954.95,24530.90
NIFTY,LONG,C2,2026-07-16 10:55,24167.40,24000.20,167.20,2026-07-16 11:15,24156.45,TSL,-10.95,-821,24000.20,24152.05
NIFTY,LONG,C2,2026-07-16 11:25,24141.70,24038.10,103.60,2026-07-16 12:00,24143.55,TSL,1.85,139,24038.10,24116.20
NIFTY,SHORT,C2,2026-07-16 12:55,24123.95,24530.90,406.95,2026-07-16 14:15,24097.15,TSL,26.80,2010,23964.35,24530.90
NIFTY,LONG,C2,2026-07-17 09:40,24211.70,24000.20,211.50,2026-07-17 10:00,24217.35,TSL,5.65,424,24000.20,24155.95
NIFTY,LONG,TWEAK,2026-07-17 10:10,24238.25,24082.35,155.90,2026-07-17 11:05,24245.05,TSL,6.80,510,24082.35,24226.05
NIFTY,LONG,TWEAK,2026-07-17 11:10,24238.25,24076.55,161.70,2026-07-17 13:15,24275.95,TSL,37.70,2828,24076.55,24226.05
NIFTY,LONG,TWEAK,2026-07-17 13:25,24231.85,24097.35,134.50,2026-07-17 13:45,24245.90,TSL,14.05,1054,24097.35,24220.35
NIFTY,LONG,TWEAK,2026-07-17 13:55,24231.85,24126.95,104.90,2026-07-17 15:15,24328.90,EOD,97.05,7279,24126.95,24220.35
NIFTY,LONG,TWEAK,2026-07-20 10:15,24231.85,24146.35,85.50,2026-07-20 11:10,24216.55,TSL,-15.30,-1147,24146.35,24220.35
NIFTY,LONG,TWEAK,2026-07-20 11:25,24198.50,24157.50,41.00,2026-07-20 11:45,24194.95,TSL,-3.55,-266,24167.40,24186.50
NIFTY,SHORT,C2,2026-07-20 11:55,24207.35,24297.50,90.15,2026-07-20 12:15,24192.45,TSL,14.90,1117,24214.65,24297.50
NIFTY,SHORT,C2,2026-07-20 12:25,24207.35,24297.50,90.15,2026-07-20 12:55,24182.30,TSL,25.05,1879,24225.20,24297.50
NIFTY,LONG,TWEAK,2026-07-20 13:25,24231.85,24157.10,74.75,2026-07-20 14:30,24248.25,TSL,16.40,1230,24157.10,24220.35
NIFTY,SHORT,C2,2026-07-21 10:25,24203.60,24297.50,93.90,2026-07-21 11:00,24189.05,TSL,14.55,1091,24261.55,24297.50
NIFTY,LONG,C2,2026-07-21 11:10,24189.05,24010.55,178.50,2026-07-21 11:40,24166.65,TSL,-22.40,-1680,24010.55,24171.00
NIFTY,LONG,C2,2026-07-21 12:10,24175.20,24010.55,164.65,2026-07-21 12:50,24169.85,TSL,-5.35,-401,24010.55,24161.80
NIFTY,LONG,C2,2026-07-21 13:30,24175.20,23877.50,297.70,2026-07-21 13:55,24170.45,TSL,-4.75,-356,23877.50,24184.00
NIFTY,SHORT,TWEAK,2026-07-22 09:55,24016.15,24058.05,41.90,2026-07-22 10:50,24013.50,TSL,2.65,199,24038.55,24054.85
NIFTY,SHORT,TWEAK,2026-07-22 11:00,24016.15,24077.35,61.20,2026-07-22 11:20,24028.10,TSL,-11.95,-896,24038.55,24077.35
NIFTY,LONG,C2,2026-07-22 11:40,24042.00,23877.50,164.50,2026-07-22 12:00,24022.00,TSL,-20.00,-1500,23877.50,24207.20
NIFTY,SHORT,TWEAK,2026-07-22 12:30,23973.70,24038.55,64.85,2026-07-22 12:45,23983.40,TSL,-9.70,-728,24010.55,24038.55
NIFTY,SHORT,TWEAK,2026-07-22 13:00,23989.20,24024.35,35.15,2026-07-22 13:30,23986.35,TSL,2.85,214,24000.20,24024.35
NIFTY,SHORT,TWEAK,2026-07-22 13:40,23989.20,24015.85,26.65,2026-07-22 14:50,23984.60,TSL,4.60,345,24000.20,24015.85
NIFTY,SHORT,TWEAK,2026-07-23 09:25,23973.70,24038.10,64.40,2026-07-23 09:55,23929.80,TSL,43.90,3293,24010.55,24038.10
NIFTY,SHORT,TWEAK,2026-07-23 10:10,23973.70,24069.05,95.35,2026-07-23 10:40,23973.70,TSL,0.00,0,24010.55,24069.05
NIFTY,SHORT,TWEAK,2026-07-23 10:55,23973.70,24130.55,156.85,2026-07-23 12:05,23956.30,TSL,17.40,1305,24010.55,24130.55
NIFTY,SHORT,TWEAK,2026-07-23 12:10,23989.20,24120.35,131.15,2026-07-23 13:35,23846.15,TSL,143.05,10729,24000.20,24120.35
NIFTY,SHORT,C2,2026-07-27 10:40,23896.70,24530.90,634.20,2026-07-27 11:15,23938.40,TSL,-41.70,-3128,23838.30,24530.90
NIFTY,SHORT,C2,2026-07-27 12:00,23956.30,24530.90,574.60,2026-07-27 13:00,23958.05,TSL,-1.75,-131,23970.30,24530.90
NIFTY,SHORT,C2,2026-07-27 13:40,23954.30,23990.75,36.45,2026-07-27 14:00,23972.40,TSL,-18.10,-1358,23973.70,23990.75
NIFTY,SHORT,C2,2026-07-28 10:10,23968.15,24530.90,562.75,2026-07-28 10:35,24006.10,TSL,-37.95,-2846,23998.55,24530.90
NIFTY,SHORT,C2,2026-07-28 11:10,24020.00,24530.90,510.90,2026-07-28 11:45,24025.05,TSL,-5.05,-379,24035.55,24530.90
SENSEX,SHORT,TWEAK,2026-04-30 09:25,77548.74,77772.92,224.18,2026-04-30 11:30,76369.88,TSL,1178.86,23577,77650.00,77674.93
SENSEX,LONG,C2,2026-04-30 13:40,76840.44,76793.24,47.20,2026-04-30 14:15,77023.74,TSL,183.30,3666,76793.24,76876.86
SENSEX,SHORT,C2,2026-05-04 10:10,77549.54,78022.26,472.72,2026-05-04 10:35,77563.50,TSL,-13.96,-279,77883.57,78022.26
SENSEX,SHORT,C2,2026-05-04 10:55,77549.54,77982.51,432.97,2026-05-04 11:15,77667.79,TSL,-118.25,-2365,77870.51,77982.51
SENSEX,LONG,C2,2026-05-04 11:25,77563.50,76258.86,1304.64,2026-05-04 12:00,77624.22,TSL,60.72,1214,76258.86,77714.98
SENSEX,SHORT,C2,2026-05-04 12:10,77549.54,77982.51,432.97,2026-05-04 13:45,77202.97,TSL,346.57,6931,77879.68,77982.51
SENSEX,LONG,C2,2026-05-04 13:55,77202.97,76793.24,409.73,2026-05-04 14:40,77236.22,TSL,33.25,665,76793.24,76973.54
SENSEX,SHORT,C2,2026-05-05 10:25,76745.16,77982.51,1237.35,2026-05-05 11:00,76739.56,TSL,5.60,112,77063.24,77982.51
SENSEX,SHORT,TWEAK,2026-05-05 11:10,76728.00,77040.44,312.44,2026-05-05 12:10,76628.88,TSL,99.12,1982,76793.24,77040.44
SENSEX,SHORT,TWEAK,2026-05-05 12:25,76728.00,76928.96,200.96,2026-05-05 12:45,76785.19,TSL,-57.19,-1144,76793.24,76928.96
SENSEX,SHORT,C2,2026-05-06 09:40,77376.20,77982.51,606.31,2026-05-06 10:20,77309.79,TSL,66.41,1328,77195.20,77982.51
SENSEX,SHORT,C2,2026-05-06 10:25,77376.20,77982.51,606.31,2026-05-06 11:25,77196.57,TSL,179.63,3593,77464.69,77982.51
SENSEX,SHORT,C2,2026-05-06 11:40,77376.20,77982.51,606.31,2026-05-06 13:05,76887.51,TSL,488.69,9774,77493.53,77982.51
SENSEX,SHORT,C2,2026-05-06 13:10,77376.20,77982.51,606.31,2026-05-06 13:35,77056.75,TSL,319.45,6389,77341.53,77982.51
SENSEX,SHORT,C2,2026-05-06 13:40,77376.20,77982.51,606.31,2026-05-06 14:10,77178.41,TSL,197.79,3956,76679.33,77982.51
SENSEX,LONG,TWEAK,2026-05-07 09:25,77919.49,77151.33,768.16,2026-05-07 10:10,77896.19,TSL,-23.30,-466,77151.33,77675.01
SENSEX,LONG,TWEAK,2026-05-07 10:25,77946.74,77214.55,732.19,2026-05-07 10:50,77956.47,TSL,9.73,195,77214.55,77910.75
SENSEX,LONG,TWEAK,2026-05-07 12:15,78018.47,76796.40,1222.07,2026-05-07 12:30,77914.59,TSL,-103.88,-2078,76796.40,77982.51
SENSEX,LONG,TWEAK,2026-05-07 12:40,78018.47,76948.06,1070.41,2026-05-07 13:15,78042.05,TSL,23.58,472,76948.06,77982.51
SENSEX,LONG,TWEAK,2026-05-07 13:25,77922.48,77707.49,214.99,2026-05-07 14:45,77902.46,TSL,-20.02,-400,77707.49,77738.26
SENSEX,LONG,C2,2026-05-08 13:10,77317.65,76515.03,802.62,2026-05-08 13:55,77300.20,TSL,-17.45,-349,76515.03,77489.42
SENSEX,SHORT,TWEAK,2026-05-11 10:15,76237.91,77136.20,898.29,2026-05-11 10:50,76268.20,TSL,-30.29,-606,76258.86,77136.20
SENSEX,SHORT,TWEAK,2026-05-12 09:25,76237.91,76618.36,380.45,2026-05-12 10:15,75394.42,TSL,843.49,16870,76515.03,76618.36
SENSEX,SHORT,TWEAK,2026-05-12 10:25,76237.91,76728.00,490.09,2026-05-12 11:50,75234.31,TSL,1003.60,20072,76515.03,76728.00
SENSEX,SHORT,TWEAK,2026-05-12 11:55,76237.91,76939.54,701.63,2026-05-12 13:10,75033.92,TSL,1203.99,24080,76515.03,76939.54
SENSEX,SHORT,TWEAK,2026-05-12 13:25,76237.91,76663.45,425.54,2026-05-12 15:15,74468.65,EOD,1769.26,35385,76515.03,76663.45
SENSEX,SHORT,TWEAK,2026-05-13 09:25,76237.91,77192.68,954.77,2026-05-13 10:05,74535.78,TSL,1702.13,34043,76515.03,77192.68
SENSEX,SHORT,TWEAK,2026-05-13 10:10,76237.91,77229.89,991.98,2026-05-13 10:30,74763.99,TSL,1473.92,29478,76515.03,77229.89
SENSEX,SHORT,TWEAK,2026-05-13 10:40,76237.91,77548.74,1310.83,2026-05-13 11:15,74565.97,TSL,1671.94,33439,76258.86,77548.74
SENSEX,SHORT,TWEAK,2026-05-13 11:25,76237.91,77748.70,1510.79,2026-05-13 12:10,74895.70,TSL,1342.21,26844,76258.86,77748.70
SENSEX,SHORT,TWEAK,2026-05-13 12:25,76237.91,77754.93,1517.02,2026-05-13 12:50,74920.62,TSL,1317.29,26346,76258.86,77754.93
SENSEX,SHORT,TWEAK,2026-05-13 12:55,76237.91,77727.15,1489.24,2026-05-13 15:15,74642.73,EOD,1595.18,31904,76258.86,77727.15
SENSEX,SHORT,TWEAK,2026-05-14 09:25,76237.91,77693.06,1455.15,2026-05-14 10:15,74795.31,TSL,1442.60,28852,76258.86,77693.06
SENSEX,SHORT,TWEAK,2026-05-14 10:25,76237.91,78140.41,1902.50,2026-05-14 11:15,74633.55,TSL,1604.36,32087,76258.86,78140.41
SENSEX,SHORT,TWEAK,2026-05-14 11:25,76237.91,77726.23,1488.32,2026-05-14 11:45,75389.00,TSL,848.91,16978,76258.86,77726.23
SENSEX,SHORT,TWEAK,2026-05-14 11:55,75957.40,76258.86,301.46,2026-05-14 12:20,75421.30,TSL,536.10,10722,76165.57,76258.86
SENSEX,LONG,C2,2026-05-14 12:25,74897.02,74134.48,762.54,2026-05-14 14:15,75562.90,TSL,665.88,13318,74134.48,74756.50
SENSEX,SHORT,C2,2026-05-15 11:10,75771.91,75870.36,98.45,2026-05-15 12:00,75527.76,TSL,244.15,4883,75495.08,75870.36
SENSEX,LONG,C2,2026-05-15 12:10,75528.24,75251.15,277.09,2026-05-15 13:30,75658.30,TSL,130.06,2601,75251.15,75409.36
SENSEX,SHORT,C2,2026-05-15 13:40,75632.39,75870.36,237.97,2026-05-15 15:15,75227.01,EOD,405.38,8108,75681.88,75870.36
SENSEX,SHORT,TWEAK,2026-05-18 09:25,75224.70,75342.79,118.09,2026-05-18 10:15,74355.58,TSL,869.12,17382,75251.15,75253.76
SENSEX,LONG,C2,2026-05-18 10:40,74430.28,74134.48,295.80,2026-05-18 11:55,74786.18,TSL,355.90,7118,74134.48,74943.42
SENSEX,LONG,C2,2026-05-18 12:10,74594.91,74526.77,68.14,2026-05-18 14:20,75183.94,TSL,589.03,11781,74526.77,74826.94
SENSEX,LONG,TWEAK,2026-05-19 09:25,75279.80,75073.62,206.18,2026-05-19 11:10,75616.67,TSL,336.87,6737,75183.47,75191.57
SENSEX,LONG,TWEAK,2026-05-19 11:25,75279.80,75073.62,206.18,2026-05-19 12:00,75635.23,TSL,355.43,7109,75136.62,75191.57
SENSEX,SHORT,C2,2026-05-19 12:25,75592.73,75870.36,277.63,2026-05-19 14:00,75525.72,TSL,67.01,1340,75741.96,75870.36
SENSEX,LONG,C2,2026-05-20 09:40,74834.81,74526.77,308.04,2026-05-20 10:00,74846.36,TSL,11.55,231,74526.77,74669.76
SENSEX,LONG,C2,2026-05-20 10:10,74834.81,74134.48,700.33,2026-05-20 10:45,74836.25,TSL,1.44,29,74134.48,75121.66
SENSEX,LONG,C2,2026-05-20 10:55,74834.81,74526.77,308.04,2026-05-20 12:00,75127.31,TSL,292.50,5850,74526.77,74651.87
SENSEX,LONG,C2,2026-05-20 12:10,74834.81,74134.48,700.33,2026-05-20 13:05,75116.36,TSL,281.55,5631,74134.48,75229.43
SENSEX,SHORT,C2,2026-05-20 13:10,75127.31,75870.36,743.05,2026-05-20 13:35,75123.48,TSL,3.83,77,75191.57,75870.36
SENSEX,SHORT,C2,2026-05-20 13:45,75072.06,75870.36,798.30,2026-05-20 14:00,75183.96,TSL,-111.90,-2238,75079.80,75870.36
SENSEX,SHORT,C2,2026-05-21 10:05,75526.34,75870.36,344.02,2026-05-21 11:25,75435.76,TSL,90.58,1812,75389.00,75870.36
SENSEX,SHORT,C2,2026-05-21 11:40,75526.34,75870.36,344.02,2026-05-21 13:35,75154.21,TSL,372.13,7443,74895.70,75870.36
SENSEX,SHORT,C2,2026-05-21 13:40,75526.34,75870.36,344.02,2026-05-21 14:20,75217.69,TSL,308.65,6173,75259.19,75870.36
SENSEX,LONG,C2,2026-05-22 09:40,75548.72,74180.26,1368.46,2026-05-22 10:25,75593.96,TSL,45.24,905,74180.26,75417.98
SENSEX,LONG,C2,2026-05-22 10:40,75548.72,74180.26,1368.46,2026-05-22 11:05,75621.91,TSL,73.19,1464,74180.26,75464.88
SENSEX,SHORT,C2,2026-05-22 11:10,75578.48,75870.36,291.88,2026-05-22 11:40,75649.57,TSL,-71.09,-1422,75317.06,75870.36
SENSEX,LONG,C2,2026-05-22 11:55,75548.72,74529.41,1019.31,2026-05-22 12:20,75650.45,TSL,101.73,2035,74529.41,75409.87
SENSEX,SHORT,C2,2026-05-22 12:25,75686.45,75746.27,59.82,2026-05-22 12:45,75689.09,TSL,-2.64,-53,75719.47,75746.27
SENSEX,SHORT,C2,2026-05-22 13:50,75686.45,75746.27,59.82,2026-05-22 15:15,75406.23,EOD,280.22,5604,75739.39,75746.27
SENSEX,LONG,TWEAK,2026-05-25 09:25,75810.97,75669.36,141.61,2026-05-25 09:55,76151.49,TSL,340.52,6810,75741.84,75746.27
SENSEX,LONG,TWEAK,2026-05-25 10:10,75810.97,75347.19,463.78,2026-05-25 11:30,76310.96,TSL,499.99,10000,75347.19,75746.27
SENSEX,LONG,TWEAK,2026-05-25 11:40,75810.97,75279.80,531.17,2026-05-25 12:00,76334.19,TSL,523.22,10464,75279.80,75746.27
SENSEX,SHORT,C2,2026-05-27 09:45,75869.70,75945.79,76.09,2026-05-27 09:45,75945.79,SL,-76.09,-1522,75623.93,75945.79
SENSEX,LONG,TWEAK,2026-05-27 10:10,75998.84,75705.16,293.68,2026-05-27 10:40,76046.78,TSL,47.94,959,75705.16,75945.79
SENSEX,LONG,TWEAK,2026-05-27 10:55,75998.84,75746.27,252.57,2026-05-27 11:35,76130.04,TSL,131.20,2624,75746.27,75945.79
SENSEX,LONG,TWEAK,2026-05-27 11:40,75998.84,75797.01,201.83,2026-05-27 12:05,76026.42,TSL,27.58,552,75841.05,75945.79
SENSEX,LONG,TWEAK,2026-05-27 12:10,75998.84,75797.01,201.83,2026-05-27 13:05,75939.40,TSL,-59.44,-1189,75870.36,75945.79
SENSEX,LONG,TWEAK,2026-05-27 13:10,75998.84,75244.64,754.20,2026-05-27 14:30,75878.80,TSL,-120.04,-2401,75244.64,75945.79
SENSEX,LONG,C2,2026-05-29 10:10,76014.47,74134.48,1879.99,2026-05-29 10:40,75978.08,TSL,-36.39,-728,74134.48,76327.62
SENSEX,LONG,C2,2026-05-29 11:10,75982.29,75817.50,164.79,2026-05-29 11:30,75922.60,TSL,-59.69,-1194,75817.50,75924.93
SENSEX,SHORT,C2,2026-05-29 12:55,75731.55,75810.97,79.42,2026-05-29 14:25,75467.90,TSL,263.65,5273,75704.00,75810.97
SENSEX,SHORT,TWEAK,2026-06-01 09:25,75510.03,75578.26,68.23,2026-06-01 10:45,74818.99,TSL,691.04,13821,75522.84,75556.64
SENSEX,SHORT,TWEAK,2026-06-01 10:55,75510.03,75578.26,68.23,2026-06-01 12:45,74730.96,TSL,779.07,15581,75522.84,75527.05
SENSEX,SHORT,TWEAK,2026-06-01 12:55,74667.13,75529.14,862.01,2026-06-01 13:30,74571.16,TSL,95.97,1919,74996.78,75475.92
SENSEX,SHORT,TWEAK,2026-06-02 12:25,74001.43,76185.06,2183.63,2026-06-02 12:45,74295.40,TSL,-293.97,-5879,74134.48,76185.06
SENSEX,SHORT,TWEAK,2026-06-03 11:55,73719.36,74180.26,460.90,2026-06-03 12:25,73657.14,TSL,62.22,1244,73815.12,74180.26
SENSEX,LONG,C2,2026-06-04 11:25,74229.80,73492.60,737.20,2026-06-04 12:30,74388.39,TSL,158.59,3172,73492.60,73815.12
SENSEX,SHORT,C2,2026-06-04 13:10,74167.82,74831.66,663.84,2026-06-04 14:00,74208.68,TSL,-40.86,-817,74282.22,74831.66
SENSEX,SHORT,C2,2026-06-05 10:00,74480.73,74831.66,350.93,2026-06-05 11:00,74333.73,TSL,147.00,2940,74611.38,74831.66
SENSEX,SHORT,C2,2026-06-05 11:15,74480.73,74831.66,350.93,2026-06-05 12:20,74475.06,TSL,5.67,113,74290.48,74831.66
SENSEX,SHORT,C2,2026-06-05 12:25,74480.73,74831.66,350.93,2026-06-05 13:55,74125.34,TSL,355.39,7108,74693.95,74831.66
SENSEX,SHORT,TWEAK,2026-06-08 09:25,73988.75,74254.89,266.14,2026-06-08 09:55,73662.40,TSL,326.35,6527,74037.37,74254.89
SENSEX,SHORT,TWEAK,2026-06-08 10:10,73988.75,74196.74,207.99,2026-06-08 10:30,73668.77,TSL,319.98,6400,74037.37,74196.74
SENSEX,LONG,C2,2026-06-08 10:40,73567.45,73492.60,74.85,2026-06-08 11:15,73687.93,TSL,120.48,2410,73492.60,73659.13
SENSEX,LONG,C2,2026-06-08 11:25,73567.45,73492.60,74.85,2026-06-08 13:00,73831.41,TSL,263.96,5279,73492.60,73719.36
SENSEX,LONG,C2,2026-06-08 13:10,73567.45,73492.60,74.85,2026-06-08 13:40,73699.48,TSL,132.03,2641,73492.60,73983.35
SENSEX,SHORT,TWEAK,2026-06-08 13:55,73755.68,73921.29,165.61,2026-06-08 14:40,73646.55,TSL,109.13,2183,73807.30,73921.29
SENSEX,SHORT,C2,2026-06-09 09:40,73794.14,74717.57,923.43,2026-06-09 11:35,73594.93,TSL,199.21,3984,73825.74,74717.57
SENSEX,SHORT,TWEAK,2026-06-09 11:40,73545.29,73706.54,161.25,2026-06-09 11:45,73706.54,SL,-161.25,-3225,73570.41,73706.54
SENSEX,SHORT,C2,2026-06-09 11:55,73794.14,73934.35,140.21,2026-06-09 12:15,73739.11,TSL,55.03,1101,73787.83,73934.35
SENSEX,SHORT,C2,2026-06-10 10:10,74335.64,74717.57,381.93,2026-06-10 10:40,74296.69,TSL,38.95,779,74413.94,74717.57
SENSEX,SHORT,C2,2026-06-10 12:45,74335.64,74717.57,381.93,2026-06-10 13:00,74469.79,TSL,-134.15,-2683,74412.27,74717.57
SENSEX,SHORT,C2,2026-06-10 13:20,74451.36,74717.57,266.21,2026-06-10 15:15,73943.29,EOD,508.07,10161,74499.33,74717.57
SENSEX,LONG,C2,2026-06-11 11:25,73736.71,73426.18,310.53,2026-06-11 12:45,74278.26,TSL,541.55,10831,73426.18,73583.83
SENSEX,LONG,TWEAK,2026-06-11 12:55,74062.72,73870.62,192.10,2026-06-11 13:15,74170.78,TSL,108.06,2161,73870.62,74035.41
SENSEX,LONG,TWEAK,2026-06-11 13:25,74062.72,73884.83,177.89,2026-06-11 14:05,74042.68,TSL,-20.04,-401,73934.35,74035.41
SENSEX,SHORT,C2,2026-06-12 09:40,74663.34,76627.04,1963.70,2026-06-12 10:50,74572.62,TSL,90.72,1814,74807.97,76627.04
SENSEX,SHORT,C2,2026-06-12 10:55,74663.34,74717.57,54.23,2026-06-12 11:40,74649.40,TSL,13.94,279,74544.24,74717.57
SENSEX,LONG,TWEAK,2026-06-12 11:55,74649.40,74522.87,126.53,2026-06-12 12:35,74558.19,TSL,-91.21,-1824,74522.87,74613.01
SENSEX,SHORT,C2,2026-06-12 12:40,74663.34,74717.57,54.23,2026-06-12 13:00,74516.34,TSL,147.00,2940,74480.75,74717.57
SENSEX,SHORT,C2,2026-06-12 13:10,74663.34,74717.57,54.23,2026-06-12 13:30,74717.57,SL,-54.23,-1085,74132.11,74717.57
SENSEX,LONG,TWEAK,2026-06-12 13:40,74649.40,74534.56,114.84,2026-06-12 15:15,75532.98,EOD,883.58,17672,74534.56,74613.01
SENSEX,LONG,TWEAK,2026-06-15 09:25,74649.40,74458.45,190.95,2026-06-15 10:15,76604.97,TSL,1955.57,39111,74458.45,74613.01
SENSEX,LONG,TWEAK,2026-06-15 10:25,74649.40,73831.87,817.53,2026-06-15 11:10,76707.57,TSL,2058.17,41163,73831.87,74613.01
SENSEX,LONG,TWEAK,2026-06-15 11:25,74649.40,73821.24,828.16,2026-06-15 12:00,76627.04,TSL,1977.64,39553,73821.24,74613.01
SENSEX,LONG,TWEAK,2026-06-15 12:10,74649.40,74035.41,613.99,2026-06-15 13:40,76425.76,TSL,1776.36,35527,74035.41,74613.01
SENSEX,LONG,TWEAK,2026-06-15 13:55,74649.40,74295.13,354.27,2026-06-15 14:50,76454.82,TSL,1805.42,36108,74295.13,74613.01
SENSEX,LONG,TWEAK,2026-06-16 09:25,74649.40,74537.47,111.93,2026-06-16 10:00,76532.43,TSL,1883.03,37661,74537.47,74613.01
SENSEX,LONG,TWEAK,2026-06-16 10:10,75002.72,74507.73,494.99,2026-06-16 11:00,76654.44,TSL,1651.72,33034,74507.73,74717.57
SENSEX,LONG,TWEAK,2026-06-16 11:10,75275.69,74674.91,600.78,2026-06-16 11:35,76573.73,TSL,1298.04,25961,74674.91,75174.58
SENSEX,LONG,C2,2026-06-18 11:40,77055.17,76900.54,154.63,2026-06-18 13:55,77261.52,TSL,206.35,4127,76900.54,76966.66
SENSEX,SHORT,C2,2026-06-19 10:50,76605.24,76821.07,215.83,2026-06-19 12:10,76625.61,TSL,-20.37,-407,76632.25,76821.07
SENSEX,LONG,C2,2026-06-19 13:40,76585.10,76531.51,53.59,2026-06-19 14:25,76640.59,TSL,55.49,1110,76531.51,76541.74
SENSEX,LONG,TWEAK,2026-06-22 09:25,76901.65,76480.32,421.33,2026-06-22 09:45,77132.14,TSL,230.49,4610,76683.54,76747.07
SENSEX,LONG,C2,2026-06-22 10:10,77249.27,76900.54,348.73,2026-06-22 10:30,77232.65,TSL,-16.62,-332,76900.54,77061.51
SENSEX,LONG,C2,2026-06-22 10:40,77249.27,76953.00,296.27,2026-06-22 11:20,77274.10,TSL,24.83,497,76953.00,77044.39
SENSEX,SHORT,C2,2026-06-22 11:45,77239.64,77337.78,98.14,2026-06-22 13:50,77181.26,TSL,58.38,1168,77320.32,77337.78
SENSEX,SHORT,C2,2026-06-22 13:55,77221.46,77337.78,116.32,2026-06-22 14:25,77216.51,TSL,4.95,99,77218.89,77337.78
SENSEX,LONG,C2,2026-06-23 09:40,77121.81,76499.22,622.59,2026-06-23 10:25,77131.52,TSL,9.71,194,76499.22,76953.00
SENSEX,LONG,C2,2026-06-23 10:40,77121.81,76499.22,622.59,2026-06-23 11:30,77134.30,TSL,12.49,250,76499.22,76900.54
SENSEX,SHORT,C2,2026-06-23 11:40,77104.72,77337.78,233.06,2026-06-23 14:10,76476.02,TSL,628.70,12574,77073.35,77337.78
SENSEX,SHORT,TWEAK,2026-06-24 09:45,76371.70,76558.32,186.62,2026-06-24 10:00,76558.32,SL,-186.62,-3732,76499.22,76558.32
SENSEX,LONG,C2,2026-06-24 10:10,76463.98,73318.94,3145.04,2026-06-24 12:05,76902.40,TSL,438.42,8768,73318.94,76196.28
SENSEX,LONG,C2,2026-06-24 12:10,76463.98,73318.94,3145.04,2026-06-24 12:30,76848.25,TSL,384.27,7685,73318.94,76400.06
SENSEX,LONG,C2,2026-06-24 12:40,76463.98,73318.94,3145.04,2026-06-24 14:00,77067.18,TSL,603.20,12064,73318.94,76224.14
SENSEX,LONG,TWEAK,2026-06-25 09:55,77492.33,77151.68,340.65,2026-06-25 12:20,77710.23,TSL,217.90,4358,77151.68,77320.32
SENSEX,LONG,TWEAK,2026-06-25 12:25,77492.33,77218.99,273.34,2026-06-25 13:10,77545.68,TSL,53.35,1067,77218.99,77320.32
SENSEX,SHORT,C2,2026-06-29 11:30,76991.51,77337.78,346.27,2026-06-29 13:05,76766.88,TSL,224.63,4493,77134.72,77337.78
SENSEX,SHORT,TWEAK,2026-06-29 13:10,76838.04,76917.40,79.36,2026-06-29 14:05,76719.03,TSL,119.01,2380,76853.93,76875.93
SENSEX,SHORT,C2,2026-06-30 09:40,76600.95,77325.56,724.61,2026-06-30 10:00,76574.93,TSL,26.02,520,76696.36,77325.56
SENSEX,SHORT,C2,2026-06-30 10:10,76600.95,77325.56,724.61,2026-06-30 10:45,76645.34,TSL,-44.39,-888,76858.80,77325.56
SENSEX,SHORT,C2,2026-06-30 10:55,76600.95,77325.56,724.61,2026-06-30 11:20,76744.78,TSL,-143.83,-2877,76747.07,77325.56
SENSEX,LONG,C2,2026-06-30 11:25,76619.24,76121.59,497.65,2026-06-30 12:10,76659.10,TSL,39.86,797,76121.59,76499.22
SENSEX,LONG,C2,2026-06-30 12:25,76619.24,76121.59,497.65,2026-06-30 13:05,76686.72,TSL,67.48,1350,76121.59,76501.52
SENSEX,LONG,C2,2026-06-30 13:10,76645.34,76455.49,189.85,2026-06-30 13:55,76648.53,TSL,3.19,64,76455.49,76623.38
SENSEX,LONG,C2,2026-07-01 09:40,76697.63,76121.59,576.04,2026-07-01 10:35,76863.96,TSL,166.33,3327,76121.59,77045.35
SENSEX,LONG,C2,2026-07-01 10:40,76697.63,76121.59,576.04,2026-07-01 11:30,76913.61,TSL,215.98,4320,76121.59,76878.66
SENSEX,LONG,C2,2026-07-01 11:40,76697.63,76121.59,576.04,2026-07-01 12:25,77013.26,TSL,315.63,6313,76121.59,77105.43
SENSEX,LONG,C2,2026-07-01 12:40,76697.63,76121.59,576.04,2026-07-01 13:00,77007.94,TSL,310.31,6206,76121.59,77139.94
SENSEX,LONG,C2,2026-07-01 13:10,76697.63,76121.59,576.04,2026-07-01 14:30,76988.17,TSL,290.54,5811,76121.59,77205.51
SENSEX,LONG,TWEAK,2026-07-02 09:25,77252.78,76996.70,256.08,2026-07-02 10:00,77314.88,TSL,62.10,1242,77192.63,77194.83
SENSEX,LONG,TWEAK,2026-07-02 10:10,77057.09,76804.91,252.18,2026-07-02 11:15,77228.41,TSL,171.32,3426,76804.91,77037.36
SENSEX,LONG,TWEAK,2026-07-02 11:25,77057.09,76966.67,90.42,2026-07-02 13:40,77341.15,TSL,284.06,5681,76966.67,77037.36
SENSEX,LONG,C2,2026-07-02 13:55,77351.29,76121.59,1229.70,2026-07-02 15:15,77478.53,EOD,127.24,2545,76121.59,77204.36
SENSEX,LONG,TWEAK,2026-07-03 09:25,77449.25,77265.61,183.64,2026-07-03 09:45,77968.60,TSL,519.35,10387,77265.61,77325.56
SENSEX,LONG,TWEAK,2026-07-03 09:55,77449.25,76676.30,772.95,2026-07-03 11:05,77998.23,TSL,548.98,10980,76676.30,77337.78
SENSEX,LONG,TWEAK,2026-07-03 11:10,77449.25,76662.62,786.63,2026-07-03 12:30,78053.11,TSL,603.86,12077,76662.62,77337.78
SENSEX,LONG,TWEAK,2026-07-03 12:40,77449.25,76547.48,901.77,2026-07-03 13:00,78014.44,TSL,565.19,11304,76547.48,77337.78
SENSEX,LONG,TWEAK,2026-07-03 13:10,77449.25,76519.45,929.80,2026-07-03 13:30,77865.74,TSL,416.49,8330,76519.45,77337.78
SENSEX,LONG,TWEAK,2026-07-03 13:40,77449.25,76678.52,770.73,2026-07-03 14:20,77811.89,TSL,362.64,7253,76678.52,77337.78
SENSEX,LONG,TWEAK,2026-07-06 10:25,78194.36,78064.15,130.21,2026-07-06 11:15,78228.32,TSL,33.96,679,78064.15,78114.63
SENSEX,SHORT,C2,2026-07-08 09:40,77611.91,77803.18,191.27,2026-07-08 10:30,77709.57,TSL,-97.66,-1953,77565.13,77803.18
SENSEX,LONG,TWEAK,2026-07-08 11:10,77835.28,77190.37,644.91,2026-07-08 11:30,77757.15,TSL,-78.13,-1563,77190.37,77803.18
SENSEX,SHORT,TWEAK,2026-07-08 11:55,77707.49,78001.53,294.04,2026-07-08 12:50,77554.88,TSL,152.61,3052,77780.04,78001.53
SENSEX,SHORT,TWEAK,2026-07-08 12:55,77707.49,77945.37,237.88,2026-07-08 15:10,76435.64,TSL,1271.85,25437,77780.04,77945.37
SENSEX,SHORT,TWEAK,2026-07-09 09:25,77707.49,77854.83,147.34,2026-07-09 10:05,77094.23,TSL,613.26,12265,77780.04,77854.83
SENSEX,LONG,C2,2026-07-09 10:10,77019.69,73318.94,3700.75,2026-07-09 10:45,76973.89,TSL,-45.80,-916,73318.94,77880.92
SENSEX,LONG,C2,2026-07-09 11:20,77019.69,73318.94,3700.75,2026-07-09 11:45,77024.21,TSL,4.52,90,73318.94,77713.21
SENSEX,LONG,C2,2026-07-09 11:55,77019.69,73318.94,3700.75,2026-07-09 12:30,77013.42,TSL,-6.27,-125,73318.94,78180.07
SENSEX,SHORT,C2,2026-07-09 12:40,77015.62,78664.92,1649.30,2026-07-09 13:30,77045.92,TSL,-30.30,-606,77110.08,78664.92
SENSEX,SHORT,C2,2026-07-10 10:30,77514.15,78664.92,1150.77,2026-07-10 11:45,77443.20,TSL,70.95,1419,77432.43,78664.92
SENSEX,SHORT,C2,2026-07-10 11:55,77514.15,78664.92,1150.77,2026-07-10 12:25,77473.84,TSL,40.31,806,77373.65,78664.92
SENSEX,SHORT,C2,2026-07-10 12:40,77514.15,78664.92,1150.77,2026-07-10 13:35,77508.05,TSL,6.10,122,77304.90,78664.92
SENSEX,SHORT,C2,2026-07-10 13:45,77514.15,78664.92,1150.77,2026-07-10 14:20,77534.96,TSL,-20.81,-416,77449.25,78664.92
SENSEX,LONG,C2,2026-07-13 09:40,77002.04,76472.78,529.26,2026-07-13 11:40,77351.11,TSL,349.07,6981,76472.78,76928.91
SENSEX,LONG,C2,2026-07-13 13:55,77002.04,76472.78,529.26,2026-07-13 15:05,77652.10,TSL,650.06,13001,76472.78,76915.77
SENSEX,SHORT,C2,2026-07-14 13:40,77063.41,78664.92,1601.51,2026-07-14 15:00,77088.04,TSL,-24.63,-493,77019.80,78664.92
SENSEX,LONG,C2,2026-07-15 11:30,77640.69,76472.78,1167.91,2026-07-15 11:45,77495.80,TSL,-144.89,-2898,76472.78,77122.46
SENSEX,SHORT,C2,2026-07-15 11:55,77530.37,78664.92,1134.55,2026-07-15 12:15,77571.25,TSL,-40.88,-818,76982.65,78664.92
SENSEX,SHORT,C2,2026-07-15 12:25,77530.37,78664.92,1134.55,2026-07-15 13:15,77185.47,TSL,344.90,6898,76770.91,78664.92
SENSEX,SHORT,C2,2026-07-15 13:25,77530.37,78664.92,1134.55,2026-07-15 13:55,77179.40,TSL,350.97,7019,76910.28,78664.92
SENSEX,LONG,C2,2026-07-16 10:55,77514.30,76472.78,1041.52,2026-07-16 11:15,77477.03,TSL,-37.27,-745,76472.78,77293.31
SENSEX,LONG,C2,2026-07-16 11:30,77514.30,76857.43,656.87,2026-07-16 12:00,77430.71,TSL,-83.59,-1672,76857.43,77420.38
SENSEX,SHORT,C2,2026-07-16 12:10,77411.82,78664.92,1253.10,2026-07-16 14:10,77310.65,TSL,101.17,2023,77251.32,78664.92
SENSEX,LONG,TWEAK,2026-07-17 09:25,77647.52,77496.27,151.25,2026-07-17 10:00,77740.31,TSL,92.79,1856,77540.07,77566.21
SENSEX,LONG,TWEAK,2026-07-17 10:10,77647.52,77496.27,151.25,2026-07-17 10:45,77873.09,TSL,225.57,4511,77562.63,77566.21
SENSEX,LONG,TWEAK,2026-07-17 10:55,77647.52,77133.77,513.75,2026-07-17 13:20,77972.72,TSL,325.20,6504,77133.77,77588.08
SENSEX,LONG,TWEAK,2026-07-17 13:25,77647.52,77129.82,517.70,2026-07-17 13:45,77878.87,TSL,231.35,4627,77129.82,77588.08
SENSEX,LONG,TWEAK,2026-07-17 13:55,77647.52,77326.65,320.87,2026-07-17 15:15,78140.41,EOD,492.89,9858,77326.65,77588.08
SENSEX,LONG,TWEAK,2026-07-20 13:15,77673.67,77514.30,159.37,2026-07-20 14:30,77759.27,TSL,85.60,1712,77514.30,77579.69
SENSEX,LONG,TWEAK,2026-07-21 09:25,77715.35,77620.84,94.51,2026-07-21 09:30,77620.84,SL,-94.51,-1890,77641.86,77646.27
SENSEX,SHORT,C2,2026-07-21 11:40,77541.68,78151.45,609.77,2026-07-21 12:00,77466.37,TSL,75.31,1506,77646.27,78151.45
SENSEX,SHORT,C2,2026-07-21 12:10,77541.68,78151.45,609.77,2026-07-21 13:20,77396.17,TSL,145.51,2910,77679.93,78151.45
SENSEX,SHORT,TWEAK,2026-07-21 13:55,77410.23,77942.11,531.88,2026-07-21 14:45,77430.89,TSL,-20.66,-413,77444.79,77942.11
SENSEX,SHORT,TWEAK,2026-07-22 09:25,77410.23,77821.81,411.58,2026-07-22 10:05,76919.42,TSL,490.81,9816,77444.79,77821.81
SENSEX,SHORT,TWEAK,2026-07-22 10:10,77337.33,77581.57,244.24,2026-07-22 10:50,76847.24,TSL,490.09,9802,77368.29,77581.57
SENSEX,LONG,C2,2026-07-22 11:25,76896.39,76472.78,423.61,2026-07-22 11:45,76902.81,TSL,6.42,128,76472.78,77483.81
SENSEX,SHORT,TWEAK,2026-07-22 13:55,76722.21,76932.93,210.72,2026-07-22 14:15,76714.77,TSL,7.44,149,76857.43,76931.42
SENSEX,SHORT,TWEAK,2026-07-23 09:25,76722.21,76932.93,210.72,2026-07-23 09:45,76480.83,TSL,241.38,4828,76857.43,76892.11
SENSEX,SHORT,TWEAK,2026-07-23 09:55,76722.21,76932.93,210.72,2026-07-23 10:35,76662.31,TSL,59.90,1198,76857.43,76857.82
SENSEX,SHORT,TWEAK,2026-07-23 10:40,76722.21,77375.66,653.45,2026-07-23 12:05,76602.78,TSL,119.43,2389,76857.43,77375.66
SENSEX,SHORT,TWEAK,2026-07-23 12:10,76722.21,77320.56,598.35,2026-07-23 13:45,76311.96,TSL,410.25,8205,76857.43,77320.56
SENSEX,SHORT,TWEAK,2026-07-23 13:55,76315.82,77555.52,1239.70,2026-07-23 14:30,76370.15,TSL,-54.33,-1087,76472.78,77555.52
SENSEX,SHORT,TWEAK,2026-07-24 09:25,76315.82,77780.04,1464.22,2026-07-24 10:35,75550.68,TSL,765.14,15303,76472.78,77780.04
SENSEX,SHORT,C2,2026-07-24 13:10,76096.01,78664.92,2568.91,2026-07-24 13:55,76129.05,TSL,-33.04,-661,75998.38,78664.92
SENSEX,SHORT,C2,2026-07-27 09:55,76616.51,78664.92,2048.41,2026-07-27 10:55,76635.45,TSL,-18.94,-379,76597.54,78664.92
SENSEX,LONG,TWEAK,2026-07-27 11:55,76763.99,76631.44,132.55,2026-07-27 12:35,76708.18,TSL,-55.81,-1116,76666.78,76726.66
SENSEX,SHORT,C2,2026-07-27 13:40,76712.56,78664.92,1952.36,2026-07-27 14:00,76771.00,TSL,-58.44,-1169,76745.33,78664.92
SENSEX,SHORT,C2,2026-07-28 10:10,76738.49,78664.92,1926.43,2026-07-28 10:40,76856.65,TSL,-118.16,-2363,76788.88,78664.92
SENSEX,LONG,C2,2026-07-28 13:55,76817.35,75474.43,1342.92,2026-07-28 14:30,76777.11,TSL,-40.24,-805,75474.43,76754.57
