day,side,entry_time,entry_price,sl,target,exit_time,exit_price,reason,pnl_pts,pnl_rs
2026-07-02,CE,2026-07-02 13:05:00+05:30,403.025,392.0,432.6,2026-07-02 15:25:00+05:30,425.25,eod_squareoff,22.225000000000023,1444.6250000000014
2026-07-06,PE,2026-07-06 14:55:00+05:30,187.92499999999998,193.85,178.4,2026-07-06 15:05:00+05:30,178.4,target_hit,9.524999999999977,619.1249999999985
2026-07-07,PE,2026-07-07 12:25:00+05:30,211.475,216.0,204.3,2026-07-07 12:30:00+05:30,216.0,sl_hit,-4.525000000000006,-294.12500000000034
2026-07-16,PE,2026-07-16 13:05:00+05:30,212.475,225.0,182.2,2026-07-16 13:25:00+05:30,225.0,sl_hit,-12.525000000000006,-814.1250000000003
2026-07-16,PE,2026-07-16 14:55:00+05:30,225.975,240.95,182.2,2026-07-16 15:00:00+05:30,240.95,sl_hit,-14.974999999999994,-973.3749999999997
2026-07-20,PE,2026-07-20 13:05:00+05:30,198.17499999999998,206.55,175.2,2026-07-20 13:10:00+05:30,175.2,target_hit,22.974999999999994,1493.3749999999995
2026-07-20,CE,2026-07-20 15:15:00+05:30,213.225,204.75,244.85,2026-07-20 15:25:00+05:30,216.9,eod_squareoff,3.6750000000000114,238.87500000000074
2026-07-21,PE,2026-07-21 15:05:00+05:30,168.725,174.55,142.05,2026-07-21 15:10:00+05:30,174.55,sl_hit,-5.825000000000017,-378.62500000000114
2026-07-21,CE,2026-07-21 15:20:00+05:30,148.025,144.0,213.1,2026-07-21 15:25:00+05:30,148.05,eod_squareoff,0.025000000000005684,1.6250000000003695
2026-07-27,CE,2026-07-27 13:05:00+05:30,82.775,67.0,110.0,2026-07-27 15:25:00+05:30,119.6,eod_squareoff,36.82499999999999,2393.624999999999
