ts,open,high,low,close,volume
2026-07-03T09:15:00+05:30,281.95,297.9,279.4,289.75,50115
2026-07-03T09:16:00+05:30,289.95,296.0,287.55,292.7,31330
2026-07-03T09:17:00+05:30,292.0,292.9,288.85,290.35,24700
2026-07-03T09:18:00+05:30,291.0,295.0,289.0,294.3,11960
2026-07-03T09:19:00+05:30,294.5,296.65,291.6,293.3,10660
2026-07-03T09:20:00+05:30,293.6,293.8,288.4,288.75,16705
2026-07-03T09:21:00+05:30,288.6,289.35,284.05,284.5,19240
2026-07-03T09:22:00+05:30,282.95,282.95,279.2,279.35,7865
2026-07-03T09:23:00+05:30,279.15,281.4,276.95,280.0,23595
2026-07-03T09:24:00+05:30,279.25,280.3,276.55,277.75,13325
2026-07-03T09:25:00+05:30,277.05,277.75,272.0,272.4,9035
2026-07-03T09:26:00+05:30,272.3,272.65,270.4,272.0,8515
2026-07-03T09:27:00+05:30,272.0,273.85,270.35,272.0,6565
2026-07-03T09:28:00+05:30,272.0,272.85,270.75,271.9,7150
2026-07-03T09:29:00+05:30,271.85,274.9,271.0,272.15,14560
2026-07-03T09:30:00+05:30,271.25,271.8,270.0,271.2,8840
2026-07-03T09:31:00+05:30,271.3,272.1,270.0,270.3,4420
2026-07-03T09:32:00+05:30,269.65,269.65,265.0,265.0,26520
2026-07-03T09:33:00+05:30,265.1,267.0,263.7,266.2,25155
2026-07-03T09:34:00+05:30,266.6,268.45,265.25,266.5,13780
2026-07-03T09:35:00+05:30,265.25,269.95,265.0,269.15,21970
2026-07-03T09:36:00+05:30,269.0,269.0,266.0,266.0,7670
2026-07-03T09:37:00+05:30,266.0,267.25,265.3,267.25,7865
2026-07-03T09:38:00+05:30,267.65,268.85,265.7,266.95,10465
2026-07-03T09:39:00+05:30,266.0,267.1,265.0,267.1,7735
2026-07-03T09:40:00+05:30,266.25,268.8,266.25,267.25,8645
2026-07-03T09:41:00+05:30,267.85,269.35,266.35,267.6,18850
2026-07-03T09:42:00+05:30,267.95,268.45,266.35,267.0,4875
2026-07-03T09:43:00+05:30,267.6,270.4,267.0,270.0,9620
2026-07-03T09:44:00+05:30,269.85,272.7,269.8,272.0,8515
2026-07-03T09:45:00+05:30,271.6,275.4,269.05,271.95,16510
2026-07-03T09:46:00+05:30,272.15,274.35,270.9,274.35,4225
2026-07-03T09:47:00+05:30,274.3,276.65,274.25,276.65,14950
2026-07-03T09:48:00+05:30,276.75,278.0,275.3,276.95,3965
2026-07-03T09:49:00+05:30,277.6,277.6,275.7,276.05,1950
2026-07-03T09:50:00+05:30,275.8,276.7,274.5,275.5,7800
2026-07-03T09:51:00+05:30,275.5,276.5,270.3,270.9,11375
2026-07-03T09:52:00+05:30,271.05,275.45,270.9,274.55,5785
2026-07-03T09:53:00+05:30,274.55,276.05,274.25,275.2,5070
2026-07-03T09:54:00+05:30,274.55,276.75,274.3,275.7,4615
2026-07-03T09:55:00+05:30,276.0,279.0,275.9,278.9,5915
2026-07-03T09:56:00+05:30,279.0,280.9,277.0,277.5,5265
2026-07-03T09:57:00+05:30,276.35,276.85,271.8,273.3,6565
2026-07-03T09:58:00+05:30,273.3,276.3,273.3,274.9,5980
2026-07-03T09:59:00+05:30,275.65,276.15,274.5,276.05,1950
2026-07-03T10:00:00+05:30,276.15,276.15,273.0,273.55,4875
2026-07-03T10:01:00+05:30,274.45,275.0,273.35,274.0,4355
2026-07-03T10:02:00+05:30,274.7,278.65,274.7,278.0,7215
2026-07-03T10:03:00+05:30,278.0,278.5,276.65,276.95,2730
2026-07-03T10:04:00+05:30,277.2,281.0,276.55,280.85,8450
2026-07-03T10:05:00+05:30,281.5,282.0,278.4,282.0,5070
2026-07-03T10:06:00+05:30,280.5,281.2,278.5,278.5,3055
2026-07-03T10:07:00+05:30,278.3,279.65,274.25,275.25,3445
2026-07-03T10:08:00+05:30,274.6,276.35,274.3,274.55,4355
2026-07-03T10:09:00+05:30,274.8,274.8,273.5,274.05,2730
2026-07-03T10:10:00+05:30,274.0,275.2,273.95,274.0,8840
2026-07-03T10:11:00+05:30,274.0,276.3,274.0,274.1,11050
2026-07-03T10:12:00+05:30,275.3,276.3,274.7,275.85,9100
2026-07-03T10:13:00+05:30,275.3,277.0,274.5,276.35,10660
2026-07-03T10:14:00+05:30,276.5,277.15,275.15,276.65,10725
2026-07-03T10:15:00+05:30,276.5,276.65,274.6,275.7,3445
2026-07-03T10:16:00+05:30,275.75,279.55,275.65,278.3,4030
2026-07-03T10:17:00+05:30,278.85,280.1,278.25,279.7,3510
2026-07-03T10:18:00+05:30,279.25,279.25,276.6,276.9,3705
2026-07-03T10:19:00+05:30,277.65,278.9,276.7,278.3,3315
2026-07-03T10:20:00+05:30,279.2,282.3,278.85,280.0,9555
2026-07-03T10:21:00+05:30,280.35,280.4,272.7,272.8,8580
2026-07-03T10:22:00+05:30,273.45,274.7,272.8,273.35,7020
2026-07-03T10:23:00+05:30,273.35,273.95,272.45,273.35,3640
2026-07-03T10:24:00+05:30,273.8,274.0,270.95,273.35,8450
2026-07-03T10:25:00+05:30,272.75,272.75,271.0,271.0,6565
2026-07-03T10:26:00+05:30,271.5,272.15,269.0,271.1,8580
2026-07-03T10:27:00+05:30,271.25,272.55,271.0,271.8,5330
2026-07-03T10:28:00+05:30,272.2,273.95,271.9,273.95,5980
2026-07-03T10:29:00+05:30,273.05,273.6,271.2,271.2,1495
2026-07-03T10:30:00+05:30,271.55,271.65,270.2,270.9,1560
2026-07-03T10:31:00+05:30,270.2,273.05,270.1,272.5,2470
2026-07-03T10:32:00+05:30,271.45,272.85,271.45,272.3,1755
2026-07-03T10:33:00+05:30,272.75,272.9,270.8,271.9,3120
2026-07-03T10:34:00+05:30,271.95,273.45,271.25,271.75,1820
2026-07-03T10:35:00+05:30,271.0,272.45,271.0,271.45,1105
2026-07-03T10:36:00+05:30,271.5,271.5,269.7,270.45,5590
2026-07-03T10:37:00+05:30,270.0,270.4,268.4,269.05,1950
2026-07-03T10:38:00+05:30,269.8,271.1,269.45,271.1,975
2026-07-03T10:39:00+05:30,270.55,273.2,270.55,273.2,3380
2026-07-03T10:40:00+05:30,272.65,274.2,272.2,273.5,2990
2026-07-03T10:41:00+05:30,272.95,273.7,271.75,273.7,5265
2026-07-03T10:42:00+05:30,273.4,274.0,272.55,272.55,390
2026-07-03T10:43:00+05:30,273.1,274.25,272.85,274.25,1495
2026-07-03T10:44:00+05:30,273.0,273.55,272.0,273.45,3120
2026-07-03T10:45:00+05:30,272.45,273.5,271.9,272.6,3510
2026-07-03T10:46:00+05:30,272.4,272.7,271.4,272.45,3770
2026-07-03T10:47:00+05:30,272.25,273.45,271.55,272.8,4160
2026-07-03T10:48:00+05:30,272.9,272.9,267.25,268.65,11700
2026-07-03T10:49:00+05:30,267.8,270.0,267.55,270.0,5720
2026-07-03T10:50:00+05:30,269.55,270.75,268.5,270.15,8385
2026-07-03T10:51:00+05:30,269.8,270.3,267.35,268.6,4160
2026-07-03T10:52:00+05:30,268.7,269.45,268.25,269.05,3315
2026-07-03T10:53:00+05:30,269.5,270.55,268.9,270.55,3445
2026-07-03T10:54:00+05:30,268.2,269.85,268.2,269.5,1690
2026-07-03T10:55:00+05:30,268.0,270.0,267.3,269.8,3575
2026-07-03T10:56:00+05:30,270.35,271.1,269.05,269.05,7150
2026-07-03T10:57:00+05:30,268.6,269.15,268.0,268.15,4940
2026-07-03T10:58:00+05:30,268.9,269.05,267.7,269.05,5525
2026-07-03T10:59:00+05:30,268.35,269.45,268.0,269.05,3770
2026-07-03T11:00:00+05:30,269.25,271.35,268.15,268.15,2600
2026-07-03T11:01:00+05:30,268.25,269.5,267.0,268.25,3640
2026-07-03T11:02:00+05:30,267.5,268.15,267.3,267.8,1170
2026-07-03T11:03:00+05:30,266.95,267.65,262.55,262.75,13260
2026-07-03T11:04:00+05:30,263.35,267.0,262.4,267.0,5980
2026-07-03T11:05:00+05:30,266.7,268.5,265.1,267.5,3510
2026-07-03T11:06:00+05:30,269.4,269.4,268.0,268.0,1625
2026-07-03T11:07:00+05:30,267.2,269.45,267.2,268.5,3445
2026-07-03T11:08:00+05:30,268.25,270.5,268.25,270.5,1105
2026-07-03T11:09:00+05:30,271.15,272.8,270.15,272.1,3055
2026-07-03T11:10:00+05:30,272.0,274.0,271.15,274.0,3120
2026-07-03T11:11:00+05:30,273.5,274.9,273.25,273.25,1820
2026-07-03T11:12:00+05:30,274.7,277.85,274.7,277.0,3575
2026-07-03T11:13:00+05:30,276.65,278.0,275.55,278.0,3250
2026-07-03T11:14:00+05:30,277.05,278.7,277.05,277.2,910
2026-07-03T11:15:00+05:30,277.65,277.7,275.15,275.4,845
2026-07-03T11:16:00+05:30,275.5,277.0,275.5,276.6,1105
2026-07-03T11:17:00+05:30,276.65,278.6,276.65,278.6,1430
2026-07-03T11:18:00+05:30,278.6,278.85,277.2,278.0,2990
2026-07-03T11:19:00+05:30,277.65,277.7,275.0,275.0,1365
2026-07-03T11:20:00+05:30,274.5,276.35,274.0,275.45,4940
2026-07-03T11:21:00+05:30,276.5,276.65,276.0,276.15,2145
2026-07-03T11:22:00+05:30,276.65,279.4,276.65,278.9,2470
2026-07-03T11:23:00+05:30,277.65,278.85,277.65,278.85,455
2026-07-03T11:24:00+05:30,278.8,279.45,277.0,277.0,2795
2026-07-03T11:25:00+05:30,277.35,277.45,277.15,277.35,1105
2026-07-03T11:26:00+05:30,276.5,276.6,274.95,275.65,1040
2026-07-03T11:27:00+05:30,275.4,276.0,274.75,275.4,1365
2026-07-03T11:28:00+05:30,275.75,276.0,275.0,276.0,2210
2026-07-03T11:29:00+05:30,277.1,277.15,276.5,276.5,1170
2026-07-03T11:30:00+05:30,274.55,275.2,272.25,273.0,4290
2026-07-03T11:31:00+05:30,273.25,276.0,273.25,274.7,1430
2026-07-03T11:32:00+05:30,275.0,277.3,275.0,276.45,4420
2026-07-03T11:33:00+05:30,276.7,276.8,273.25,273.25,8775
2026-07-03T11:34:00+05:30,273.25,274.3,272.8,274.25,1365
2026-07-03T11:35:00+05:30,273.0,275.25,273.0,275.25,325
2026-07-03T11:36:00+05:30,274.85,274.9,273.25,273.8,715
2026-07-03T11:37:00+05:30,273.5,274.95,270.4,270.8,3705
2026-07-03T11:38:00+05:30,270.8,273.0,270.8,271.6,1430
2026-07-03T11:39:00+05:30,273.2,273.45,270.0,270.0,3185
2026-07-03T11:40:00+05:30,269.2,269.65,268.45,269.1,2860
2026-07-03T11:41:00+05:30,268.8,268.8,264.55,267.0,6435
2026-07-03T11:42:00+05:30,267.0,268.3,267.0,268.3,2210
2026-07-03T11:43:00+05:30,267.5,267.65,266.85,267.15,1430
2026-07-03T11:44:00+05:30,269.5,269.95,269.5,269.95,845
2026-07-03T11:45:00+05:30,268.75,269.5,268.75,269.1,845
2026-07-03T11:46:00+05:30,268.5,268.55,267.15,267.6,1300
2026-07-03T11:47:00+05:30,267.55,267.75,266.3,266.95,3380
2026-07-03T11:48:00+05:30,267.65,269.0,267.65,269.0,1040
2026-07-03T11:49:00+05:30,268.9,269.95,268.15,269.0,1625
2026-07-03T11:50:00+05:30,267.6,267.7,266.35,266.35,3445
2026-07-03T11:51:00+05:30,266.95,267.65,266.35,267.65,1040
2026-07-03T11:52:00+05:30,266.0,266.0,264.4,264.4,1755
2026-07-03T11:53:00+05:30,264.65,264.65,263.0,263.0,1105
2026-07-03T11:54:00+05:30,263.75,264.7,263.05,263.85,1365
2026-07-03T11:55:00+05:30,263.05,263.05,262.35,262.5,3055
2026-07-03T11:56:00+05:30,263.95,264.7,263.2,264.55,9165
2026-07-03T11:57:00+05:30,264.0,264.55,262.5,264.55,7865
2026-07-03T11:58:00+05:30,263.45,265.5,262.0,262.4,12415
2026-07-03T11:59:00+05:30,262.5,262.6,260.15,260.15,17745
2026-07-03T12:00:00+05:30,260.7,261.4,258.75,259.6,4875
2026-07-03T12:01:00+05:30,260.4,262.9,259.7,262.25,2080
2026-07-03T12:02:00+05:30,262.6,262.6,261.0,261.1,2145
2026-07-03T12:03:00+05:30,262.45,262.45,260.45,260.45,3315
2026-07-03T12:04:00+05:30,261.3,261.35,259.65,259.75,4095
2026-07-03T12:05:00+05:30,259.8,259.9,258.95,259.3,4160
2026-07-03T12:06:00+05:30,259.35,260.5,258.65,258.65,3445
2026-07-03T12:07:00+05:30,258.05,259.2,256.3,257.1,17550
2026-07-03T12:08:00+05:30,256.9,258.35,255.55,257.7,2535
2026-07-03T12:09:00+05:30,258.5,259.35,257.5,257.65,4745
2026-07-03T12:10:00+05:30,258.3,259.5,258.2,259.45,4615
2026-07-03T12:11:00+05:30,259.5,259.6,257.5,258.0,2405
2026-07-03T12:12:00+05:30,258.0,258.65,257.25,258.6,1885
2026-07-03T12:13:00+05:30,258.6,259.0,256.05,256.05,4225
2026-07-03T12:14:00+05:30,256.65,258.8,256.05,257.7,2730
2026-07-03T12:15:00+05:30,257.9,257.9,257.0,257.8,975
2026-07-03T12:16:00+05:30,258.2,259.6,257.8,259.6,2210
2026-07-03T12:17:00+05:30,259.5,260.2,258.85,259.9,1755
2026-07-03T12:18:00+05:30,259.7,260.0,258.9,258.95,1170
2026-07-03T12:19:00+05:30,259.2,259.2,257.35,257.9,4420
2026-07-03T12:20:00+05:30,257.25,259.5,257.05,258.55,2145
2026-07-03T12:21:00+05:30,259.25,261.75,259.25,261.75,2665
2026-07-03T12:22:00+05:30,261.45,261.45,259.3,260.55,2730
2026-07-03T12:23:00+05:30,261.75,261.9,260.55,261.05,2665
2026-07-03T12:24:00+05:30,260.25,261.05,260.2,260.75,650
2026-07-03T12:25:00+05:30,260.8,261.4,259.4,259.45,3575
2026-07-03T12:26:00+05:30,259.0,261.7,259.0,261.7,1820
2026-07-03T12:27:00+05:30,261.7,261.7,261.45,261.45,390
2026-07-03T12:28:00+05:30,261.1,262.4,261.05,262.35,715
2026-07-03T12:29:00+05:30,263.0,263.3,260.75,261.9,4550
2026-07-03T12:30:00+05:30,260.8,262.9,260.7,261.95,1950
2026-07-03T12:31:00+05:30,261.55,263.4,261.55,262.55,1625
2026-07-03T12:32:00+05:30,263.9,264.25,263.0,264.2,3250
2026-07-03T12:33:00+05:30,264.5,265.0,262.55,263.35,5005
2026-07-03T12:34:00+05:30,263.15,264.35,263.05,264.35,1235
2026-07-03T12:35:00+05:30,264.45,264.45,263.2,264.0,780
2026-07-03T12:36:00+05:30,263.8,265.05,263.8,265.0,2275
2026-07-03T12:37:00+05:30,265.45,265.65,264.0,264.0,2535
2026-07-03T12:38:00+05:30,262.6,265.7,262.6,265.7,1430
2026-07-03T12:39:00+05:30,265.3,266.8,264.85,265.15,1235
2026-07-03T12:40:00+05:30,264.95,266.5,264.0,265.65,2600
2026-07-03T12:41:00+05:30,265.35,266.95,265.35,266.95,975
2026-07-03T12:42:00+05:30,267.0,267.5,266.3,266.95,3770
2026-07-03T12:43:00+05:30,266.3,268.7,266.3,268.7,3315
2026-07-03T12:44:00+05:30,268.35,268.4,267.0,267.0,4940
2026-07-03T12:45:00+05:30,267.0,267.05,266.7,267.0,4485
2026-07-03T12:46:00+05:30,266.75,267.15,263.8,264.3,3510
2026-07-03T12:47:00+05:30,264.45,267.15,263.65,266.65,2405
2026-07-03T12:48:00+05:30,265.9,266.95,265.9,266.95,260
2026-07-03T12:49:00+05:30,266.0,266.0,264.05,264.05,650
2026-07-03T12:50:00+05:30,264.0,264.1,261.0,262.35,4225
2026-07-03T12:51:00+05:30,261.05,262.95,261.05,262.35,715
2026-07-03T12:52:00+05:30,263.0,265.0,263.0,264.85,2405
2026-07-03T12:53:00+05:30,265.05,266.0,265.05,266.0,1170
2026-07-03T12:54:00+05:30,266.5,266.55,266.0,266.0,650
2026-07-03T12:55:00+05:30,266.0,266.0,264.8,265.5,975
2026-07-03T12:56:00+05:30,265.05,265.05,264.95,265.0,780
2026-07-03T12:57:00+05:30,264.2,265.0,264.2,264.6,195
2026-07-03T12:58:00+05:30,266.6,266.6,265.15,265.15,195
2026-07-03T12:59:00+05:30,265.15,266.1,264.6,264.6,520
2026-07-03T13:00:00+05:30,264.6,265.5,264.55,265.5,2470
2026-07-03T13:01:00+05:30,265.25,269.4,265.25,269.4,3640
2026-07-03T13:02:00+05:30,269.25,272.0,269.25,270.05,6695
2026-07-03T13:03:00+05:30,269.5,270.9,269.5,270.5,3250
2026-07-03T13:04:00+05:30,270.9,274.35,270.0,274.35,4225
2026-07-03T13:05:00+05:30,274.5,278.85,274.4,278.8,8905
2026-07-03T13:06:00+05:30,278.2,283.95,277.75,283.75,83850
2026-07-03T13:07:00+05:30,283.8,283.8,276.8,279.75,7670
2026-07-03T13:08:00+05:30,280.0,282.85,280.0,281.0,1950
2026-07-03T13:09:00+05:30,281.5,284.0,279.4,283.55,27690
2026-07-03T13:10:00+05:30,283.55,284.0,280.25,282.5,6825
2026-07-03T13:11:00+05:30,282.6,283.25,280.8,282.5,1560
2026-07-03T13:12:00+05:30,283.8,285.2,283.1,284.0,6760
2026-07-03T13:13:00+05:30,285.0,285.9,280.0,281.45,6240
2026-07-03T13:14:00+05:30,277.75,280.7,277.25,280.25,12285
2026-07-03T13:15:00+05:30,280.1,284.05,279.9,282.0,9620
2026-07-03T13:16:00+05:30,282.0,283.25,281.75,282.25,8450
2026-07-03T13:17:00+05:30,282.2,285.25,281.35,284.5,6175
2026-07-03T13:18:00+05:30,284.2,285.6,283.65,285.1,15080
2026-07-03T13:19:00+05:30,284.15,285.0,282.05,282.95,1625
2026-07-03T13:20:00+05:30,280.45,283.75,280.05,280.65,5525
2026-07-03T13:21:00+05:30,281.0,281.7,280.0,280.6,1755
2026-07-03T13:22:00+05:30,280.95,282.75,279.8,281.5,3705
2026-07-03T13:23:00+05:30,280.5,282.3,280.5,281.5,845
2026-07-03T13:24:00+05:30,281.25,283.2,280.35,283.2,2080
2026-07-03T13:25:00+05:30,282.45,283.9,282.45,283.9,1105
2026-07-03T13:26:00+05:30,285.0,285.0,280.5,283.2,19240
2026-07-03T13:27:00+05:30,283.0,284.0,283.0,284.0,1950
2026-07-03T13:28:00+05:30,284.3,286.7,283.35,284.45,8515
2026-07-03T13:29:00+05:30,284.35,284.75,283.5,284.1,1495
2026-07-03T13:30:00+05:30,283.25,285.0,282.25,283.95,1885
2026-07-03T13:31:00+05:30,283.95,286.0,283.9,286.0,2990
2026-07-03T13:32:00+05:30,284.75,289.95,284.5,289.45,8320
2026-07-03T13:33:00+05:30,289.4,295.9,288.75,293.15,12480
2026-07-03T13:34:00+05:30,293.5,294.0,290.55,292.4,7605
2026-07-03T13:35:00+05:30,292.5,299.6,292.2,299.1,18135
2026-07-03T13:36:00+05:30,298.2,304.7,298.0,302.25,12870
2026-07-03T13:37:00+05:30,301.9,302.85,293.5,293.5,15860
2026-07-03T13:38:00+05:30,293.35,298.3,293.35,297.5,11310
2026-07-03T13:39:00+05:30,296.75,296.75,292.5,295.0,5005
2026-07-03T13:40:00+05:30,294.95,295.6,291.55,291.55,5070
2026-07-03T13:41:00+05:30,290.2,294.6,290.2,294.5,3770
2026-07-03T13:42:00+05:30,294.7,299.0,294.7,298.15,6240
2026-07-03T13:43:00+05:30,299.0,299.35,293.6,294.1,8320
2026-07-03T13:44:00+05:30,292.4,297.0,291.75,297.0,3705
2026-07-03T13:45:00+05:30,298.0,300.0,297.65,297.65,23140
2026-07-03T13:46:00+05:30,298.5,300.0,298.05,298.8,25285
2026-07-03T13:47:00+05:30,299.95,300.95,298.3,300.8,26390
2026-07-03T13:48:00+05:30,299.5,301.25,298.65,300.7,22815
2026-07-03T13:49:00+05:30,300.0,301.3,296.5,296.5,2015
2026-07-03T13:50:00+05:30,295.2,296.75,290.3,293.0,6045
2026-07-03T13:51:00+05:30,293.55,296.35,293.4,293.5,1820
2026-07-03T13:52:00+05:30,293.15,293.35,291.85,292.0,2145
2026-07-03T13:53:00+05:30,291.8,293.35,291.5,292.5,3055
2026-07-03T13:54:00+05:30,292.05,292.9,290.0,290.5,1950
2026-07-03T13:55:00+05:30,290.5,294.0,290.5,294.0,1430
2026-07-03T13:56:00+05:30,295.15,295.2,294.95,294.95,325
2026-07-03T13:57:00+05:30,296.0,299.3,296.0,297.8,910
2026-07-03T13:58:00+05:30,297.8,297.8,296.7,297.65,780
2026-07-03T13:59:00+05:30,295.0,298.15,295.0,298.05,1365
2026-07-03T14:00:00+05:30,298.3,300.0,297.3,300.0,2340
2026-07-03T14:01:00+05:30,301.0,302.0,299.35,299.45,4355
2026-07-03T14:02:00+05:30,299.35,299.4,294.9,294.9,3120
2026-07-03T14:03:00+05:30,294.6,297.1,294.2,296.55,1950
2026-07-03T14:04:00+05:30,298.3,304.0,298.3,301.9,7410
2026-07-03T14:05:00+05:30,301.15,301.15,297.9,297.9,975
2026-07-03T14:06:00+05:30,297.6,297.75,294.6,295.75,2340
2026-07-03T14:07:00+05:30,296.4,298.55,295.85,298.0,9035
2026-07-03T14:08:00+05:30,296.6,297.15,294.75,295.8,2470
2026-07-03T14:09:00+05:30,296.45,298.45,296.45,297.0,1495
2026-07-03T14:10:00+05:30,295.6,299.15,295.5,296.45,8190
2026-07-03T14:11:00+05:30,297.2,297.2,295.0,295.0,1300
2026-07-03T14:12:00+05:30,294.75,295.95,293.35,293.7,1885
2026-07-03T14:13:00+05:30,293.4,296.45,292.6,295.8,3705
2026-07-03T14:14:00+05:30,296.0,296.55,295.25,296.55,390
2026-07-03T14:15:00+05:30,297.9,300.0,297.9,300.0,1040
2026-07-03T14:16:00+05:30,301.45,301.8,300.2,301.8,1820
2026-07-03T14:17:00+05:30,300.25,300.35,299.5,299.5,3900
2026-07-03T14:18:00+05:30,299.0,303.0,297.75,301.05,7605
2026-07-03T14:19:00+05:30,301.0,305.45,301.0,304.55,4420
2026-07-03T14:20:00+05:30,305.45,310.4,304.1,306.25,14950
2026-07-03T14:21:00+05:30,306.3,309.45,304.5,309.45,2600
2026-07-03T14:22:00+05:30,309.4,309.4,307.0,307.85,3445
2026-07-03T14:23:00+05:30,307.1,308.0,305.1,308.0,3835
2026-07-03T14:24:00+05:30,307.8,308.0,302.05,304.75,7150
2026-07-03T14:25:00+05:30,305.65,306.0,304.9,305.25,845
2026-07-03T14:26:00+05:30,304.9,307.7,304.75,306.75,1300
2026-07-03T14:27:00+05:30,305.9,306.25,304.0,304.0,1365
2026-07-03T14:28:00+05:30,304.3,307.85,304.2,306.2,2600
2026-07-03T14:29:00+05:30,306.9,307.7,305.85,307.7,3250
2026-07-03T14:30:00+05:30,308.0,308.1,304.35,305.05,3315
2026-07-03T14:31:00+05:30,306.0,306.0,301.8,303.25,3185
2026-07-03T14:32:00+05:30,303.55,305.8,301.15,302.0,2665
2026-07-03T14:33:00+05:30,302.0,302.55,296.1,297.45,8320
2026-07-03T14:34:00+05:30,297.4,299.05,294.3,298.95,13260
2026-07-03T14:35:00+05:30,299.8,300.4,297.05,298.55,3250
2026-07-03T14:36:00+05:30,298.05,301.45,296.5,301.45,2535
2026-07-03T14:37:00+05:30,301.3,304.6,301.2,303.5,2145
2026-07-03T14:38:00+05:30,302.75,303.95,300.3,301.55,4095
2026-07-03T14:39:00+05:30,303.8,304.25,302.5,303.65,1365
2026-07-03T14:40:00+05:30,303.5,304.05,302.95,303.0,390
2026-07-03T14:41:00+05:30,303.25,306.25,303.25,305.55,2665
2026-07-03T14:42:00+05:30,307.15,307.2,305.5,306.7,2470
2026-07-03T14:43:00+05:30,307.55,307.55,306.3,306.9,1365
2026-07-03T14:44:00+05:30,306.85,307.35,305.5,306.65,1170
2026-07-03T14:45:00+05:30,305.0,308.25,304.1,307.9,2210
2026-07-03T14:46:00+05:30,308.8,313.6,308.7,312.7,17095
2026-07-03T14:47:00+05:30,312.7,313.1,306.65,306.65,4355
2026-07-03T14:48:00+05:30,305.55,305.55,301.8,303.35,3900
2026-07-03T14:49:00+05:30,303.35,303.5,300.0,300.0,1430
2026-07-03T14:50:00+05:30,299.9,306.6,299.9,305.0,3120
2026-07-03T14:51:00+05:30,304.95,308.2,304.5,307.0,4680
2026-07-03T14:52:00+05:30,307.1,312.2,307.1,311.5,1430
2026-07-03T14:53:00+05:30,312.1,312.45,309.4,309.9,975
2026-07-03T14:54:00+05:30,309.55,309.55,308.45,309.3,2535
2026-07-03T14:55:00+05:30,309.6,309.6,307.1,307.25,14365
2026-07-03T14:56:00+05:30,307.5,310.0,307.2,308.25,2535
2026-07-03T14:57:00+05:30,307.9,309.65,306.7,307.1,5395
2026-07-03T14:58:00+05:30,307.3,312.1,307.3,310.35,1560
2026-07-03T14:59:00+05:30,310.15,313.1,309.5,309.8,3575
2026-07-03T15:00:00+05:30,307.35,310.0,296.85,304.3,10595
2026-07-03T15:01:00+05:30,301.05,302.25,296.3,296.3,5070
2026-07-03T15:02:00+05:30,296.0,296.0,292.7,294.65,5265
2026-07-03T15:03:00+05:30,294.45,296.9,293.7,293.7,2925
2026-07-03T15:04:00+05:30,294.25,298.45,293.4,298.45,6240
2026-07-03T15:05:00+05:30,296.25,297.35,294.15,294.25,4095
2026-07-03T15:06:00+05:30,293.7,297.0,293.0,296.5,5265
2026-07-03T15:07:00+05:30,295.9,302.15,295.9,298.35,4420
2026-07-03T15:08:00+05:30,296.6,297.3,296.2,297.3,715
2026-07-03T15:09:00+05:30,295.0,296.6,294.85,295.8,12740
2026-07-03T15:10:00+05:30,295.2,295.5,295.0,295.5,780
2026-07-03T15:11:00+05:30,296.55,297.75,296.55,297.1,1105
2026-07-03T15:12:00+05:30,296.5,299.35,296.05,299.05,3835
2026-07-03T15:13:00+05:30,298.7,299.6,297.5,298.2,2470
2026-07-03T15:14:00+05:30,298.25,300.95,298.25,300.6,3445
2026-07-03T15:15:00+05:30,299.05,304.8,299.05,303.0,34710
2026-07-03T15:16:00+05:30,303.25,303.3,301.15,301.95,3900
2026-07-03T15:17:00+05:30,301.95,302.55,301.0,301.0,585
2026-07-03T15:18:00+05:30,301.0,301.15,297.7,298.2,2015
2026-07-03T15:19:00+05:30,297.65,299.1,296.65,298.0,12090
2026-07-03T15:20:00+05:30,297.4,298.0,292.7,295.95,9880
2026-07-03T15:21:00+05:30,295.15,297.05,294.2,296.0,11765
2026-07-03T15:22:00+05:30,296.7,299.0,295.85,297.25,12025
2026-07-03T15:23:00+05:30,297.25,301.0,296.8,299.15,11115
2026-07-03T15:24:00+05:30,299.25,300.0,296.0,297.1,7475
2026-07-03T15:25:00+05:30,297.8,299.6,296.6,299.4,4225
2026-07-03T15:26:00+05:30,299.4,300.4,298.0,298.0,5785
2026-07-03T15:27:00+05:30,298.85,300.0,297.2,300.0,5850
2026-07-03T15:28:00+05:30,297.4,299.3,296.25,296.65,21515
2026-07-03T15:29:00+05:30,296.55,299.45,296.15,299.45,27300
