date,spot_open,atm_strike
2026-07-01,23897.65,23900
2026-07-02,24062.2,24050
2026-07-03,24375.65,24400
2026-07-06,24306.85,24300
2026-07-07,24464.45,24450
2026-07-08,24259.55,24250
2026-07-09,23928.95,23950
2026-07-10,24124.7,24100
2026-07-13,24039.4,24050
2026-07-14,24068.0,24050
2026-07-15,24085.85,24100
2026-07-16,24142.1,24150
2026-07-17,24127.6,24150
2026-07-20,24190.05,24200
2026-07-21,24216.05,24200
2026-07-22,24150.45,24150
2026-07-23,23904.8,23900
2026-07-24,23666.35,23650
2026-07-27,23928.4,23950
