total,wins,losses,win_rate_pct,profit_factor,net_pnl_usdt,gross_profit,gross_loss,avg_win,avg_loss,long_trades,short_trades,long_pnl,short_pnl,exits_target,exits_sl,exits_t1,exits_eod,htf_min,sub_min,sl_buf,profit_floor_pts,profit_cap_pts,lots
76,36,40,47.4,1.687,5.444,13.3706,7.9266,0.3714,0.1982,61,15,4.9565,0.4875,18,52,6,0,180,60,300,0,500,1
76,34,42,44.7,1.655,5.0077,12.6516,7.6439,0.3721,0.182,61,15,4.4304,0.5773,17,53,6,0,180,60,300,200,500,1
60,28,32,46.7,1.607,3.2955,8.726,5.4305,0.3116,0.1697,37,23,3.0505,0.245,0,54,6,0,360,15,300,200,0,1
60,28,32,46.7,1.607,3.2955,8.726,5.4305,0.3116,0.1697,37,23,3.0505,0.245,0,54,6,0,360,15,300,200,1000,1
76,27,49,35.5,1.585,3.5421,9.5926,6.0505,0.3553,0.1235,61,15,2.5738,0.9683,12,58,6,0,180,60,300,100,500,1
60,28,32,46.7,1.539,2.926,8.3565,5.4305,0.2984,0.1697,37,23,2.9995,-0.0735,11,47,2,0,360,15,300,200,500,1
60,30,30,50.0,1.538,3.2034,9.1632,5.9598,0.3054,0.1987,37,23,3.0935,0.1099,0,54,6,0,360,15,300,0,0,1
60,30,30,50.0,1.538,3.2034,9.1632,5.9598,0.3054,0.1987,37,23,3.0935,0.1099,0,54,6,0,360,15,300,0,1000,1
60,30,30,50.0,1.487,2.9014,8.8612,5.9598,0.2954,0.1987,37,23,3.11,-0.2086,12,46,2,0,360,15,300,0,500,1
76,28,48,36.8,1.399,2.4129,8.4634,6.0505,0.3023,0.1261,61,15,1.3921,1.0208,25,50,1,0,180,60,300,100,300,1
64,32,32,50.0,1.389,2.8059,10.026,7.2201,0.3133,0.2256,42,22,3.2592,-0.4533,13,49,2,0,240,60,300,0,500,1
76,36,40,47.4,1.374,3.0313,11.1268,8.0955,0.3091,0.2024,61,15,2.4913,0.54,33,42,1,0,180,60,300,0,300,1
64,30,34,46.9,1.369,2.5442,9.4405,6.8963,0.3147,0.2028,42,22,2.8803,-0.3361,12,50,2,0,240,60,300,200,500,1
61,26,35,42.6,1.344,2.0489,8.0037,5.9548,0.3078,0.1701,37,24,1.9164,0.1325,25,36,0,0,360,15,300,200,300,1
76,33,43,43.4,1.303,2.3697,10.1825,7.8128,0.3086,0.1817,61,15,1.7399,0.6298,30,45,1,0,180,60,300,200,300,1
64,32,32,50.0,1.303,2.1899,9.41,7.2201,0.2941,0.2256,42,22,2.9412,-0.7513,0,58,6,0,240,60,300,0,0,1
64,32,32,50.0,1.303,2.1899,9.41,7.2201,0.2941,0.2256,42,22,2.9412,-0.7513,0,58,6,0,240,60,300,0,1000,1
76,35,41,46.1,1.288,2.3961,10.7044,8.3083,0.3058,0.2026,61,15,1.8711,0.525,0,65,11,0,180,60,300,0,0,1
76,35,41,46.1,1.288,2.3961,10.7044,8.3083,0.3058,0.2026,61,15,1.8711,0.525,0,65,11,0,180,60,300,0,1000,1
60,24,36,40.0,1.285,1.7491,7.8932,6.1441,0.3289,0.1707,40,20,1.8405,-0.0914,0,55,5,0,360,5,300,200,0,1
60,24,36,40.0,1.285,1.7491,7.8932,6.1441,0.3289,0.1707,40,20,1.8405,-0.0914,0,55,5,0,360,5,300,200,1000,1
61,28,33,45.9,1.284,1.8456,8.3434,6.4978,0.298,0.1969,37,24,1.8482,-0.0026,26,35,0,0,360,15,300,0,300,1
74,35,39,47.3,1.279,2.2326,10.2318,7.9992,0.2923,0.2051,54,20,1.5296,0.703,31,42,1,0,240,15,300,200,300,1
60,21,39,35.0,1.278,1.4508,6.6744,5.2236,0.3178,0.1339,37,23,2.6979,-1.2471,0,56,4,0,360,15,300,100,0,1
60,21,39,35.0,1.278,1.4508,6.6744,5.2236,0.3178,0.1339,37,23,2.6979,-1.2471,0,56,4,0,360,15,300,100,1000,1
41,18,23,43.9,1.278,1.1418,5.2563,4.1145,0.292,0.1789,25,16,2.1869,-1.0451,16,25,0,0,360,60,300,200,300,1
64,29,35,45.3,1.271,1.9306,9.0677,7.1371,0.3127,0.2039,42,22,2.0232,-0.0926,28,36,0,0,240,60,300,200,300,1
64,30,34,46.9,1.259,1.7842,8.6805,6.8963,0.2893,0.2028,42,22,2.4183,-0.6341,0,59,5,0,240,60,300,200,0,1
64,30,34,46.9,1.259,1.7842,8.6805,6.8963,0.2893,0.2028,42,22,2.4183,-0.6341,0,59,5,0,240,60,300,200,1000,1
51,22,29,43.1,1.258,1.3296,6.4758,5.1462,0.2944,0.1775,29,22,1.3728,-0.0432,0,46,5,0,360,30,300,200,0,1
51,22,29,43.1,1.258,1.3296,6.4758,5.1462,0.2944,0.1775,29,22,1.3728,-0.0432,0,46,5,0,360,30,300,200,1000,1
64,31,33,48.4,1.257,1.9198,9.3807,7.4609,0.3026,0.2261,42,22,2.1296,-0.2098,29,35,0,0,240,60,300,0,300,1
52,23,29,44.2,1.257,1.3719,6.7026,5.3307,0.2914,0.1838,29,23,0.8513,0.5206,21,31,0,0,360,30,300,200,300,1
41,20,21,48.8,1.256,1.1409,5.596,4.4551,0.2798,0.2121,25,16,2.1823,-1.0414,17,24,0,0,360,60,300,0,300,1
79,33,46,41.8,1.25,2.3399,11.6845,9.3446,0.3541,0.2031,70,9,2.1386,0.2013,14,56,9,0,180,30,300,200,500,1
60,21,39,35.0,1.242,1.2623,6.4859,5.2236,0.3089,0.1339,37,23,2.4174,-1.1551,9,50,1,0,360,15,300,100,500,1
61,24,37,39.3,1.24,1.4305,7.3957,5.9652,0.3082,0.1612,40,21,1.5468,-0.1163,23,38,0,0,360,5,300,200,300,1
60,26,34,43.3,1.238,1.6014,8.3304,6.729,0.3204,0.1979,40,20,1.8279,-0.2265,0,55,5,0,360,5,300,0,0,1
60,26,34,43.3,1.238,1.6014,8.3304,6.729,0.3204,0.1979,40,20,1.8279,-0.2265,0,55,5,0,360,5,300,0,1000,1
74,36,38,48.6,1.236,1.9558,10.2355,8.2797,0.2843,0.2179,54,20,1.3003,0.6555,31,42,1,0,240,15,300,0,300,1
76,33,43,43.4,1.226,1.8158,9.8414,8.0256,0.2982,0.1866,61,15,1.201,0.6148,0,66,10,0,180,60,300,200,0,1
76,33,43,43.4,1.226,1.8158,9.8414,8.0256,0.2982,0.1866,61,15,1.201,0.6148,0,66,10,0,180,60,300,200,1000,1
79,34,45,43.0,1.222,2.1503,11.8242,9.6739,0.3478,0.215,70,9,1.949,0.2013,14,56,9,0,180,30,300,0,500,1
60,24,36,40.0,1.203,1.2471,7.3912,6.1441,0.308,0.1707,40,20,1.657,-0.4099,10,48,2,0,360,5,300,200,500,1
74,33,41,44.6,1.188,1.6061,10.1481,8.542,0.3075,0.2083,54,20,1.3811,0.225,14,58,2,0,240,15,300,200,500,1
61,26,35,42.6,1.178,1.1716,7.7354,6.5638,0.2975,0.1875,40,21,1.423,-0.2514,24,37,0,0,360,5,300,0,300,1
60,26,34,43.3,1.173,1.1669,7.8959,6.729,0.3037,0.1979,40,20,1.7119,-0.545,11,47,2,0,360,5,300,0,500,1
52,24,28,46.2,1.166,0.953,6.7063,5.7533,0.2794,0.2055,29,23,0.5107,0.4423,21,31,0,0,360,30,300,0,300,1
51,23,28,45.1,1.164,0.9107,6.4795,5.5688,0.2817,0.1989,29,22,1.0322,-0.1215,0,46,5,0,360,30,300,0,0,1
51,23,28,45.1,1.164,0.9107,6.4795,5.5688,0.2817,0.1989,29,22,1.0322,-0.1215,0,46,5,0,360,30,300,0,1000,1
76,32,44,42.1,1.161,1.0121,7.2946,6.2825,0.228,0.1428,60,16,0.4789,0.5332,6,66,4,0,180,60,200,0,500,1
76,32,44,42.1,1.161,1.0121,7.2946,6.2825,0.228,0.1428,60,16,0.4789,0.5332,6,66,4,0,180,60,200,200,500,1
51,22,29,43.1,1.154,0.7916,5.9378,5.1462,0.2699,0.1775,29,22,1.2453,-0.4537,7,42,2,0,360,30,300,200,500,1
74,34,40,45.9,1.151,1.3293,10.1518,8.8225,0.2986,0.2206,54,20,1.1518,0.1775,14,58,2,0,240,15,300,0,500,1
76,26,50,34.2,1.138,0.8867,7.3189,6.4322,0.2815,0.1286,61,15,-0.1191,1.0058,0,67,9,0,180,60,300,100,0,1
76,26,50,34.2,1.138,0.8867,7.3189,6.4322,0.2815,0.1286,61,15,-0.1191,1.0058,0,67,9,0,180,60,300,100,1000,1
77,33,44,42.9,1.137,1.1595,9.6422,8.4827,0.2922,0.1928,58,19,0.5746,0.5849,29,48,0,0,240,5,300,200,300,1
69,30,39,43.5,1.131,1.0512,9.0742,8.023,0.3025,0.2057,48,21,0.2848,0.7664,28,41,0,0,240,30,300,200,300,1
76,33,43,43.4,1.124,0.7856,7.1363,6.3507,0.2163,0.1477,61,15,0.2706,0.515,19,56,1,0,180,60,200,0,300,1
76,33,43,43.4,1.124,0.7856,7.1363,6.3507,0.2163,0.1477,61,15,0.2706,0.515,19,56,1,0,180,60,200,200,300,1
77,35,42,45.5,1.118,1.0512,9.9552,8.904,0.2844,0.212,58,19,0.5138,0.5374,30,47,0,0,240,5,300,0,300,1
76,29,47,38.2,1.107,0.6253,6.4533,5.828,0.2225,0.124,61,15,-0.0205,0.6458,17,58,1,0,180,60,200,100,300,1
61,20,41,32.8,1.106,0.5905,6.1416,5.5511,0.3071,0.1354,37,24,1.7616,-1.1711,19,42,0,0,360,15,300,100,300,1
77,34,43,44.2,1.099,0.9199,10.216,9.2961,0.3005,0.2162,58,19,1.1586,-0.2387,14,62,1,0,240,5,300,0,500,1
83,34,49,41.0,1.097,0.9957,11.2216,10.2259,0.33,0.2087,70,13,1.7696,-0.7739,14,62,7,0,120,60,300,0,500,1
80,30,50,37.5,1.097,0.9817,11.1166,10.1349,0.3706,0.2027,73,7,2.3815,-1.3998,13,58,9,0,180,15,300,200,500,1
69,31,38,44.9,1.094,0.782,9.0779,8.2959,0.2928,0.2183,48,21,0.0631,0.7189,28,41,0,0,240,30,300,0,300,1
80,35,45,43.8,1.091,0.8658,10.3281,9.4623,0.2951,0.2103,70,10,0.734,0.1318,31,48,1,0,180,30,300,0,300,1
40,19,21,47.5,1.088,0.3772,4.6783,4.3011,0.2462,0.2048,24,16,2.3771,-1.9999,0,37,3,0,360,60,300,0,0,1
40,19,21,47.5,1.088,0.3772,4.6783,4.3011,0.2462,0.2048,24,16,2.3771,-1.9999,0,37,3,0,360,60,300,0,1000,1
68,29,39,42.6,1.087,0.7175,8.9217,8.2042,0.3076,0.2104,48,20,0.5063,0.2112,11,54,3,0,240,30,300,200,500,1
77,32,45,41.6,1.085,0.7557,9.6305,8.8748,0.301,0.1972,58,19,0.9469,-0.1912,13,63,1,0,240,5,300,200,500,1
74,26,48,35.1,1.078,0.5417,7.5198,6.9781,0.2892,0.1454,54,20,0.6111,-0.0694,23,51,0,0,240,15,300,100,300,1
76,28,48,36.8,1.075,0.4249,6.1236,5.6987,0.2187,0.1187,60,16,-0.2559,0.6808,4,68,4,0,180,60,200,100,500,1
80,31,49,38.8,1.073,0.7663,11.2563,10.49,0.3631,0.2141,73,7,2.1661,-1.3998,13,58,9,0,180,15,300,0,500,1
40,17,23,42.5,1.071,0.2806,4.2411,3.9605,0.2495,0.1722,24,16,2.2842,-2.0036,0,37,3,0,360,60,300,200,0,1
40,17,23,42.5,1.071,0.2806,4.2411,3.9605,0.2495,0.1722,24,16,2.2842,-2.0036,0,37,3,0,360,60,300,200,1000,1
74,33,41,44.6,1.07,0.5941,9.1361,8.542,0.2769,0.2083,54,20,0.4161,0.178,0,68,5,1,240,15,300,200,0,1
74,33,41,44.6,1.07,0.5941,9.1361,8.542,0.2769,0.2083,54,20,0.4161,0.178,0,68,5,1,240,15,300,200,1000,1
51,23,28,45.1,1.067,0.3727,5.9415,5.5688,0.2583,0.1989,29,22,0.9047,-0.532,7,42,2,0,360,30,300,0,500,1
80,33,47,41.2,1.066,0.5957,9.6867,9.091,0.2935,0.1934,70,10,0.4219,0.1738,29,50,1,0,180,30,300,200,300,1
40,19,21,47.5,1.064,0.2747,4.5758,4.3011,0.2408,0.2048,24,16,2.2746,-1.9999,6,33,1,0,360,60,300,0,500,1
83,32,51,38.6,1.055,0.5455,10.5165,9.971,0.3286,0.1955,70,13,1.2297,-0.6842,14,64,5,0,120,60,300,200,500,1
74,25,49,33.8,1.055,0.409,7.7821,7.3731,0.3113,0.1505,54,20,0.4764,-0.0674,11,62,1,0,240,15,300,100,500,1
87,35,52,40.2,1.053,0.6425,12.8128,12.1703,0.3661,0.234,78,9,-0.1436,0.7861,17,61,9,0,120,30,300,0,500,1
76,32,44,42.1,1.053,0.3361,6.6186,6.2825,0.2068,0.1428,60,16,-0.1971,0.5332,0,72,4,0,180,60,200,0,0,1
76,32,44,42.1,1.053,0.3361,6.6186,6.2825,0.2068,0.1428,60,16,-0.1971,0.5332,0,72,4,0,180,60,200,0,1000,1
76,32,44,42.1,1.053,0.3361,6.6186,6.2825,0.2068,0.1428,60,16,-0.1971,0.5332,0,72,4,0,180,60,200,200,0,1
76,32,44,42.1,1.053,0.3361,6.6186,6.2825,0.2068,0.1428,60,16,-0.1971,0.5332,0,72,4,0,180,60,200,200,1000,1
68,30,38,44.1,1.053,0.4483,8.9254,8.4771,0.2975,0.2231,48,20,0.2846,0.1637,11,54,3,0,240,30,300,0,500,1
82,31,51,37.8,1.046,0.4868,11.129,10.6422,0.359,0.2087,74,8,1.4338,-0.947,14,61,7,0,180,5,300,0,500,1
76,38,38,50.0,1.037,0.145,4.1062,3.9612,0.1081,0.1042,61,15,-0.077,0.222,3,73,0,0,180,60,100,0,300,1
76,38,38,50.0,1.037,0.145,4.1062,3.9612,0.1081,0.1042,61,15,-0.077,0.222,3,73,0,0,180,60,100,200,300,1
74,34,40,45.9,1.036,0.3173,9.1398,8.8225,0.2688,0.2206,54,20,0.1868,0.1305,0,68,5,1,240,15,300,0,0,1
74,34,40,45.9,1.036,0.3173,9.1398,8.8225,0.2688,0.2206,54,20,0.1868,0.1305,0,68,5,1,240,15,300,0,1000,1
64,21,43,32.8,1.036,0.2283,6.5502,6.3219,0.3119,0.147,42,22,1.2746,-1.0463,20,44,0,0,240,60,300,100,300,1
76,38,38,50.0,1.035,0.14,4.1012,3.9612,0.1079,0.1042,61,15,-0.077,0.217,3,73,0,0,180,60,100,100,300,1
64,21,43,32.8,1.031,0.1989,6.5208,6.3219,0.3105,0.147,42,22,1.4937,-1.2948,9,55,0,0,240,60,300,100,500,1
40,17,23,42.5,1.028,0.1106,4.0711,3.9605,0.2395,0.1722,24,16,2.1142,-2.0036,5,34,1,0,360,60,300,200,500,1
77,26,51,33.8,1.016,0.1175,7.6616,7.5441,0.2947,0.1479,58,19,0.0374,0.0801,23,54,0,0,240,5,300,100,300,1
82,29,53,35.4,1.015,0.1546,10.41,10.2554,0.359,0.1935,74,8,1.1016,-0.947,13,62,7,0,180,5,300,200,500,1
68,29,39,42.6,1.014,0.114,8.3182,8.2042,0.2868,0.2104,48,20,0.1098,0.0042,0,62,6,0,240,30,300,200,0,1
68,29,39,42.6,1.014,0.114,8.3182,8.2042,0.2868,0.2104,48,20,0.1098,0.0042,0,62,6,0,240,30,300,200,1000,1
87,33,54,37.9,1.007,0.0798,12.0188,11.939,0.3642,0.2211,78,9,-0.7245,0.8043,16,63,8,0,120,30,300,200,500,1
77,34,43,44.2,1.002,0.0159,9.312,9.2961,0.2739,0.2162,58,19,0.3701,-0.3542,0,71,6,0,240,5,300,0,0,1
77,34,43,44.2,1.002,0.0159,9.312,9.2961,0.2739,0.2162,58,19,0.3701,-0.3542,0,71,6,0,240,5,300,0,1000,1
76,28,48,36.8,0.999,-0.0071,5.6916,5.6987,0.2033,0.1187,60,16,-0.6879,0.6808,0,72,4,0,180,60,200,100,0,1
76,28,48,36.8,0.999,-0.0071,5.6916,5.6987,0.2033,0.1187,60,16,-0.6879,0.6808,0,72,4,0,180,60,200,100,1000,1
60,18,42,30.0,0.992,-0.0503,5.8869,5.9372,0.3271,0.1414,40,20,1.4879,-1.5382,0,57,3,0,360,5,300,100,0,1
60,18,42,30.0,0.992,-0.0503,5.8869,5.9372,0.3271,0.1414,40,20,1.4879,-1.5382,0,57,3,0,360,5,300,100,1000,1
87,35,52,40.2,0.987,-0.151,11.7928,11.9438,0.3369,0.2297,78,9,-1.1291,0.9781,0,71,16,0,120,30,300,0,0,1
87,35,52,40.2,0.987,-0.151,11.7928,11.9438,0.3369,0.2297,78,9,-1.1291,0.9781,0,71,16,0,120,30,300,0,1000,1
68,30,38,44.1,0.982,-0.1552,8.3219,8.4771,0.2774,0.2231,48,20,-0.1119,-0.0433,0,62,6,0,240,30,300,0,0,1
68,30,38,44.1,0.982,-0.1552,8.3219,8.4771,0.2774,0.2231,48,20,-0.1119,-0.0433,0,62,6,0,240,30,300,0,1000,1
83,30,53,36.1,0.975,-0.2108,8.2897,8.5005,0.2763,0.1604,70,13,-0.3794,0.1686,8,72,3,0,120,60,200,0,500,1
83,30,53,36.1,0.975,-0.2108,8.2897,8.5005,0.2763,0.1604,70,13,-0.3794,0.1686,8,72,3,0,120,60,200,200,500,1
77,32,45,41.6,0.967,-0.2923,8.5825,8.8748,0.2682,0.1972,58,19,0.0144,-0.3067,0,72,5,0,240,5,300,200,0,1
77,32,45,41.6,0.967,-0.2923,8.5825,8.8748,0.2682,0.1972,58,19,0.0144,-0.3067,0,72,5,0,240,5,300,200,1000,1
76,38,38,50.0,0.962,-0.1504,3.7992,3.9496,0.1,0.1039,60,16,-0.4556,0.3052,0,76,0,0,180,60,100,0,0,1
76,38,38,50.0,0.962,-0.1504,3.7992,3.9496,0.1,0.1039,60,16,-0.4556,0.3052,0,76,0,0,180,60,100,0,500,1
76,38,38,50.0,0.962,-0.1504,3.7992,3.9496,0.1,0.1039,60,16,-0.4556,0.3052,0,76,0,0,180,60,100,0,1000,1
76,38,38,50.0,0.962,-0.1504,3.7992,3.9496,0.1,0.1039,60,16,-0.4556,0.3052,0,76,0,0,180,60,100,200,0,1
76,38,38,50.0,0.962,-0.1504,3.7992,3.9496,0.1,0.1039,60,16,-0.4556,0.3052,0,76,0,0,180,60,100,200,500,1
76,38,38,50.0,0.962,-0.1504,3.7992,3.9496,0.1,0.1039,60,16,-0.4556,0.3052,0,76,0,0,180,60,100,200,1000,1
61,30,31,49.2,0.962,-0.2176,5.5822,5.7998,0.1861,0.1871,37,24,0.282,-0.4996,16,45,0,0,360,15,200,0,300,1
61,30,31,49.2,0.962,-0.2176,5.5822,5.7998,0.1861,0.1871,37,24,0.282,-0.4996,16,45,0,0,360,15,200,200,300,1
76,38,38,50.0,0.961,-0.1554,3.7942,3.9496,0.0998,0.1039,60,16,-0.4556,0.3002,0,76,0,0,180,60,100,100,0,1
76,38,38,50.0,0.961,-0.1554,3.7942,3.9496,0.0998,0.1039,60,16,-0.4556,0.3002,0,76,0,0,180,60,100,100,500,1
76,38,38,50.0,0.961,-0.1554,3.7942,3.9496,0.0998,0.1039,60,16,-0.4556,0.3002,0,76,0,0,180,60,100,100,1000,1
41,13,28,31.7,0.959,-0.1604,3.7133,3.8737,0.2856,0.1383,25,16,1.8235,-1.9839,11,30,0,0,360,60,300,100,300,1
77,25,52,32.5,0.956,-0.3463,7.5899,7.9362,0.3036,0.1526,58,19,0.3637,-0.71,10,66,1,0,240,5,300,100,500,1
61,18,43,29.5,0.953,-0.2729,5.5294,5.8023,0.3072,0.1349,40,21,0.8452,-1.1181,17,44,0,0,360,5,300,100,300,1
41,20,21,48.8,0.952,-0.1906,3.7797,3.9703,0.189,0.1891,25,16,0.7063,-0.8969,10,31,0,0,360,60,200,0,300,1
41,20,21,48.8,0.952,-0.1906,3.7797,3.9703,0.189,0.1891,25,16,0.7063,-0.8969,10,31,0,0,360,60,200,200,300,1
83,34,49,41.0,0.948,-0.5308,9.6951,10.2259,0.2852,0.2087,70,13,0.2431,-0.7739,0,72,11,0,120,60,300,0,0,1
83,34,49,41.0,0.948,-0.5308,9.6951,10.2259,0.2852,0.2087,70,13,0.2431,-0.7739,0,72,11,0,120,60,300,0,1000,1
80,32,48,40.0,0.946,-0.5472,9.5947,10.1419,0.2998,0.2113,73,7,0.5421,-1.0893,29,50,1,0,180,15,300,0,300,1
60,18,42,30.0,0.937,-0.3713,5.5659,5.9372,0.3092,0.1414,40,20,1.0749,-1.4462,8,51,1,0,360,5,300,100,500,1
87,33,54,37.9,0.935,-0.7627,10.9498,11.7125,0.3318,0.2169,78,9,-1.759,0.9963,0,72,15,0,120,30,300,200,0,1
87,33,54,37.9,0.935,-0.7627,10.9498,11.7125,0.3318,0.2169,78,9,-1.759,0.9963,0,72,15,0,120,30,300,200,1000,1
88,31,57,35.2,0.934,-0.7989,11.2166,12.0155,0.3618,0.2108,79,9,-0.9398,0.1409,17,64,6,1,120,15,300,0,500,1
79,32,47,40.5,0.931,-0.5322,7.1847,7.7169,0.2245,0.1642,69,10,-0.2312,-0.301,7,68,4,0,180,30,200,0,500,1
79,32,47,40.5,0.931,-0.5322,7.1847,7.7169,0.2245,0.1642,69,10,-0.2312,-0.301,7,68,4,0,180,30,200,200,500,1
79,32,47,40.5,0.931,-0.6715,9.0548,9.7263,0.283,0.2069,69,10,-1.0145,0.343,0,67,12,0,180,30,300,200,0,1
79,32,47,40.5,0.931,-0.6715,9.0548,9.7263,0.283,0.2069,69,10,-1.0145,0.343,0,67,12,0,180,30,300,200,1000,1
60,30,30,50.0,0.931,-0.3901,5.2262,5.6163,0.1742,0.1872,37,23,0.199,-0.5891,4,55,1,0,360,15,200,0,500,1
60,30,30,50.0,0.931,-0.3901,5.2262,5.6163,0.1742,0.1872,37,23,0.199,-0.5891,4,55,1,0,360,15,200,200,500,1
80,30,50,37.5,0.919,-0.7915,8.9533,9.7448,0.2984,0.1949,73,7,0.2558,-1.0473,27,52,1,0,180,15,300,200,300,1
77,29,48,37.7,0.915,-0.6836,7.3718,8.0554,0.2542,0.1678,58,19,0.0871,-0.7707,9,68,0,0,240,5,200,0,500,1
77,29,48,37.7,0.915,-0.6836,7.3718,8.0554,0.2542,0.1678,58,19,0.0871,-0.7707,9,68,0,0,240,5,200,200,500,1
79,33,46,41.8,0.914,-0.8611,9.1945,10.0556,0.2786,0.2186,69,10,-1.2041,0.343,0,67,12,0,180,30,300,0,0,1
79,33,46,41.8,0.914,-0.8611,9.1945,10.0556,0.2786,0.2186,69,10,-1.2041,0.343,0,67,12,0,180,30,300,0,1000,1
60,26,34,43.3,0.913,-0.4745,4.9736,5.4481,0.1913,0.1602,37,23,0.3389,-0.8134,4,55,1,0,360,15,200,100,500,1
90,35,55,38.9,0.904,-1.1276,10.6409,11.7685,0.304,0.214,87,3,-1.3467,0.2191,31,57,2,0,60,30,300,200,300,1
83,32,51,38.6,0.902,-0.981,8.99,9.971,0.2809,0.1955,70,13,-0.2968,-0.6842,0,74,9,0,120,60,300,200,0,1
83,32,51,38.6,0.902,-0.981,8.99,9.971,0.2809,0.1955,70,13,-0.2968,-0.6842,0,74,9,0,120,60,300,200,1000,1
82,32,50,39.0,0.901,-1.0352,9.3974,10.4326,0.2937,0.2087,74,8,-0.1212,-0.914,28,53,1,0,180,5,300,0,300,1
52,16,36,30.8,0.9,-0.5047,4.5345,5.0392,0.2834,0.14,29,23,0.2783,-0.783,14,38,0,0,360,30,300,100,300,1
79,23,56,29.1,0.897,-0.78,6.7787,7.5587,0.2947,0.135,69,10,-1.0159,0.2359,20,58,1,0,180,30,300,100,300,1
87,31,56,35.6,0.895,-1.0013,8.4929,9.4942,0.274,0.1695,78,9,-1.8629,0.8616,8,75,4,0,120,30,200,0,500,1
87,31,56,35.6,0.895,-1.0013,8.4929,9.4942,0.274,0.1695,78,9,-1.8629,0.8616,8,75,4,0,120,30,200,200,500,1
83,33,50,39.8,0.894,-1.1056,9.3733,10.4789,0.284,0.2096,70,13,-0.3762,-0.7294,27,55,1,0,120,60,300,0,300,1
51,15,36,29.4,0.891,-0.5405,4.4242,4.9647,0.2949,0.1379,29,22,0.9948,-1.5353,0,48,3,0,360,30,300,100,0,1
51,15,36,29.4,0.891,-0.5405,4.4242,4.9647,0.2949,0.1379,29,22,0.9948,-1.5353,0,48,3,0,360,30,300,100,1000,1
68,21,47,30.9,0.889,-0.7705,6.172,6.9425,0.2939,0.1477,48,20,-0.252,-0.5185,19,49,0,0,240,30,300,100,300,1
90,34,56,37.8,0.888,-1.3522,10.6701,12.0223,0.3138,0.2147,87,3,-1.6043,0.2521,8,66,16,0,60,30,300,200,500,1
74,25,49,33.8,0.888,-0.8265,6.5466,7.3731,0.2619,0.1505,54,20,-0.4936,-0.3329,0,71,2,1,240,15,300,100,0,1
74,25,49,33.8,0.888,-0.8265,6.5466,7.3731,0.2619,0.1505,54,20,-0.4936,-0.3329,0,71,2,1,240,15,300,100,1000,1
88,28,60,31.8,0.882,-1.3727,10.2968,11.6695,0.3677,0.1945,79,9,-1.5318,0.1591,16,66,5,1,120,15,300,200,500,1
80,20,60,25.0,0.88,-1.0021,7.3374,8.3395,0.3669,0.139,72,8,0.1227,-1.1248,9,66,5,0,180,15,300,100,500,1
79,21,58,26.6,0.878,-0.9691,6.9681,7.9372,0.3318,0.1368,69,10,-1.251,0.2819,8,65,6,0,180,30,300,100,500,1
82,31,51,37.8,0.876,-1.3192,9.323,10.6422,0.3007,0.2087,73,9,-0.5139,-0.8053,0,71,11,0,180,5,300,0,0,1
82,31,51,37.8,0.876,-1.3192,9.323,10.6422,0.3007,0.2087,73,9,-0.5139,-0.8053,0,71,11,0,180,5,300,0,1000,1
64,21,43,32.8,0.876,-0.7846,5.5373,6.3219,0.2637,0.147,42,22,1.0267,-1.8113,0,63,1,0,240,60,300,100,0,1
64,21,43,32.8,0.876,-0.7846,5.5373,6.3219,0.2637,0.147,42,22,1.0267,-1.8113,0,63,1,0,240,60,300,100,1000,1
61,26,35,42.6,0.876,-0.7025,4.9731,5.6756,0.1913,0.1622,37,24,0.4219,-1.1244,14,47,0,0,360,15,200,100,300,1
82,30,52,36.6,0.875,-1.2604,8.7854,10.0458,0.2928,0.1932,74,8,-0.3464,-0.914,26,55,1,0,180,5,300,200,300,1
68,25,43,36.8,0.872,-0.8612,5.871,6.7322,0.2348,0.1566,48,20,0.7021,-1.5633,6,60,2,0,240,30,200,0,500,1
68,25,43,36.8,0.872,-0.8612,5.871,6.7322,0.2348,0.1566,48,20,0.7021,-1.5633,6,60,2,0,240,30,200,200,500,1
90,35,55,38.9,0.871,-1.5718,10.6409,12.2127,0.304,0.222,87,3,-1.7909,0.2191,31,57,2,0,60,30,300,0,300,1
80,30,50,37.5,0.868,-1.3338,8.8011,10.1349,0.2934,0.2027,72,8,-0.0382,-1.2956,0,68,11,1,180,15,300,200,0,1
80,30,50,37.5,0.868,-1.3338,8.8011,10.1349,0.2934,0.2027,72,8,-0.0382,-1.2956,0,68,11,1,180,15,300,200,1000,1
88,32,56,36.4,0.865,-1.5864,10.1373,11.7237,0.3168,0.2094,79,9,-1.9193,0.3329,0,73,13,2,120,15,300,0,0,1
88,32,56,36.4,0.865,-1.5864,10.1373,11.7237,0.3168,0.2094,79,9,-1.9193,0.3329,0,73,13,2,120,15,300,0,1000,1
79,32,47,40.5,0.86,-1.0767,6.6402,7.7169,0.2075,0.1642,69,10,-0.7757,-0.301,0,75,4,0,180,30,200,0,0,1
79,32,47,40.5,0.86,-1.0767,6.6402,7.7169,0.2075,0.1642,69,10,-0.7757,-0.301,0,75,4,0,180,30,200,0,1000,1
79,32,47,40.5,0.86,-1.0767,6.6402,7.7169,0.2075,0.1642,69,10,-0.7757,-0.301,0,75,4,0,180,30,200,200,0,1
79,32,47,40.5,0.86,-1.0767,6.6402,7.7169,0.2075,0.1642,69,10,-0.7757,-0.301,0,75,4,0,180,30,200,200,1000,1
88,34,54,38.6,0.858,-1.2777,7.7374,9.0151,0.2276,0.1669,79,9,-1.9481,0.6704,9,78,1,0,120,15,200,0,500,1
88,34,54,38.6,0.858,-1.2777,7.7374,9.0151,0.2276,0.1669,79,9,-1.9481,0.6704,9,78,1,0,120,15,200,200,500,1
90,34,56,37.8,0.856,-1.7964,10.6701,12.4665,0.3138,0.2226,87,3,-2.0485,0.2521,8,66,16,0,60,30,300,0,500,1
83,31,52,37.3,0.854,-1.4923,8.7317,10.224,0.2817,0.1966,70,13,-0.8526,-0.6397,25,57,1,0,120,60,300,200,300,1
64,24,40,37.5,0.854,-0.9246,5.3924,6.317,0.2247,0.1579,41,23,0.6915,-1.6161,5,58,1,0,240,60,200,0,500,1
64,24,40,37.5,0.854,-0.9246,5.3924,6.317,0.2247,0.1579,41,23,0.6915,-1.6161,5,58,1,0,240,60,200,200,500,1
80,31,49,38.8,0.852,-1.5492,8.9408,10.49,0.2884,0.2141,72,8,-0.2536,-1.2956,0,68,11,1,180,15,300,0,0,1
80,31,49,38.8,0.852,-1.5492,8.9408,10.49,0.2884,0.2141,72,8,-0.2536,-1.2956,0,68,11,1,180,15,300,0,1000,1
40,12,28,30.0,0.851,-0.5781,3.2956,3.8737,0.2746,0.1383,24,16,1.8673,-2.4454,0,38,2,0,360,60,300,100,0,1
40,12,28,30.0,0.851,-0.5781,3.2956,3.8737,0.2746,0.1383,24,16,1.8673,-2.4454,0,38,2,0,360,60,300,100,1000,1
83,30,53,36.1,0.85,-1.2763,7.2242,8.5005,0.2408,0.1604,70,13,-1.4449,0.1686,0,79,4,0,120,60,200,0,0,1
83,30,53,36.1,0.85,-1.2763,7.2242,8.5005,0.2408,0.1604,70,13,-1.4449,0.1686,0,79,4,0,120,60,200,0,1000,1
83,30,53,36.1,0.85,-1.2763,7.2242,8.5005,0.2408,0.1604,70,13,-1.4449,0.1686,0,79,4,0,120,60,200,200,0,1
83,30,53,36.1,0.85,-1.2763,7.2242,8.5005,0.2408,0.1604,70,13,-1.4449,0.1686,0,79,4,0,120,60,200,200,1000,1
68,20,48,29.4,0.85,-1.1003,6.2202,7.3205,0.311,0.1525,48,20,-0.6738,-0.4265,8,58,2,0,240,30,300,100,500,1
60,30,30,50.0,0.848,-0.8546,4.7617,5.6163,0.1587,0.1872,37,23,-0.2735,-0.5811,0,59,1,0,360,15,200,0,0,1
60,30,30,50.0,0.848,-0.8546,4.7617,5.6163,0.1587,0.1872,37,23,-0.2735,-0.5811,0,59,1,0,360,15,200,0,1000,1
60,30,30,50.0,0.848,-0.8546,4.7617,5.6163,0.1587,0.1872,37,23,-0.2735,-0.5811,0,59,1,0,360,15,200,200,0,1
60,30,30,50.0,0.848,-0.8546,4.7617,5.6163,0.1587,0.1872,37,23,-0.2735,-0.5811,0,59,1,0,360,15,200,200,1000,1
79,21,58,26.6,0.842,-1.2516,6.6856,7.9372,0.3184,0.1368,69,10,-1.571,0.3194,0,70,9,0,180,30,300,100,0,1
79,28,51,35.4,0.841,-1.1291,5.9657,7.0948,0.2131,0.1391,69,10,-0.7853,-0.3438,5,70,4,0,180,30,200,100,500,1
87,35,52,40.2,0.838,-1.9775,10.1928,12.1703,0.2912,0.234,78,9,-2.6531,0.6756,30,56,1,0,120,30,300,0,300,1
74,27,47,36.5,0.835,-1.2587,6.3751,7.6338,0.2361,0.1624,54,20,-0.2997,-0.959,8,66,0,0,240,15,200,0,500,1
74,27,47,36.5,0.835,-1.2587,6.3751,7.6338,0.2361,0.1624,54,20,-0.2997,-0.959,8,66,0,0,240,15,200,200,500,1
41,16,25,39.0,0.835,-0.6267,3.1711,3.7978,0.1982,0.1519,25,16,0.8505,-1.4772,8,33,0,0,360,60,200,100,300,1
69,26,43,37.7,0.83,-1.1052,5.4077,6.5129,0.208,0.1515,48,21,-0.0761,-1.0291,14,55,0,0,240,30,200,0,300,1
69,26,43,37.7,0.83,-1.1052,5.4077,6.5129,0.208,0.1515,48,21,-0.0761,-1.0291,14,55,0,0,240,30,200,200,300,1
79,21,58,26.6,0.829,-1.3561,6.5811,7.9372,0.3134,0.1368,69,10,-1.6755,0.3194,1,70,8,0,180,30,300,100,1000,1
60,26,34,43.3,0.828,-0.939,4.5091,5.4481,0.1734,0.1602,37,23,-0.1336,-0.8054,0,59,1,0,360,15,200,100,0,1
60,26,34,43.3,0.828,-0.939,4.5091,5.4481,0.1734,0.1602,37,23,-0.1336,-0.8054,0,59,1,0,360,15,200,100,1000,1
80,33,47,41.2,0.827,-1.3088,6.2617,7.5705,0.1897,0.1611,69,11,-1.2808,-0.028,16,63,1,0,180,30,200,0,300,1
80,33,47,41.2,0.827,-1.3088,6.2617,7.5705,0.1897,0.1611,69,11,-1.2808,-0.028,16,63,1,0,180,30,200,200,300,1
77,24,53,31.2,0.827,-1.3177,6.2935,7.6112,0.2622,0.1436,58,19,-0.5397,-0.778,8,69,0,0,240,5,200,100,500,1
82,29,53,35.4,0.825,-1.7954,8.46,10.2554,0.2917,0.1935,73,9,-0.9901,-0.8053,0,72,10,0,180,5,300,200,0,1
82,29,53,35.4,0.825,-1.7954,8.46,10.2554,0.2917,0.1935,73,9,-0.9901,-0.8053,0,72,10,0,180,5,300,200,1000,1
51,15,36,29.4,0.819,-0.8975,4.0672,4.9647,0.2711,0.1379,29,22,0.6378,-1.5353,5,45,1,0,360,30,300,100,500,1
80,30,50,37.5,0.817,-1.4807,6.6244,8.1051,0.2208,0.1621,72,8,-0.3841,-1.0966,7,71,2,0,180,15,200,0,500,1
80,30,50,37.5,0.817,-1.4807,6.6244,8.1051,0.2208,0.1621,72,8,-0.3841,-1.0966,7,71,2,0,180,15,200,200,500,1
80,22,58,27.5,0.817,-1.4585,6.5025,7.961,0.2956,0.1373,72,8,-0.5312,-0.9273,20,60,0,0,180,15,300,100,300,1
90,31,59,34.4,0.816,-2.26,10.0123,12.2723,0.323,0.208,89,1,-2.1317,-0.1283,28,59,3,0,60,15,300,200,300,1
87,31,56,35.6,0.811,-1.7908,7.7034,9.4942,0.2485,0.1695,78,9,-2.8444,1.0536,0,81,6,0,120,30,200,0,0,1
87,31,56,35.6,0.811,-1.7908,7.7034,9.4942,0.2485,0.1695,78,9,-2.8444,1.0536,0,81,6,0,120,30,200,0,1000,1
87,31,56,35.6,0.811,-1.7908,7.7034,9.4942,0.2485,0.1695,78,9,-2.8444,1.0536,0,81,6,0,120,30,200,200,0,1
87,31,56,35.6,0.811,-1.7908,7.7034,9.4942,0.2485,0.1695,78,9,-2.8444,1.0536,0,81,6,0,120,30,200,200,1000,1
74,24,50,32.4,0.811,-1.3273,5.688,7.0153,0.237,0.1403,54,20,-0.3574,-0.9699,7,67,0,0,240,15,200,100,500,1
64,24,40,37.5,0.811,-1.2432,5.3433,6.5865,0.2226,0.1647,42,22,0.2351,-1.4783,15,49,0,0,240,60,200,0,300,1
64,24,40,37.5,0.811,-1.2432,5.3433,6.5865,0.2226,0.1647,42,22,0.2351,-1.4783,15,49,0,0,240,60,200,200,300,1
80,20,60,25.0,0.809,-1.5906,6.7489,8.3395,0.3374,0.139,72,8,-0.4658,-1.1248,0,72,7,1,180,15,300,100,0,1
83,25,58,30.1,0.804,-1.5413,6.3064,7.8477,0.2523,0.1353,70,13,-1.8012,0.2599,5,75,3,0,120,60,200,100,500,1
87,33,54,37.9,0.801,-2.3802,9.5588,11.939,0.2897,0.2211,78,9,-3.074,0.6938,28,58,1,0,120,30,300,200,300,1
80,26,54,32.5,0.799,-1.4976,5.9561,7.4537,0.2291,0.138,72,8,-0.3633,-1.1343,6,72,2,0,180,15,200,100,500,1
79,28,51,35.4,0.799,-1.4296,5.6652,7.0948,0.2023,0.1391,69,10,-1.0858,-0.3438,0,75,4,0,180,30,200,100,0,1
79,28,51,35.4,0.799,-1.4296,5.6652,7.0948,0.2023,0.1391,69,10,-1.0858,-0.3438,0,75,4,0,180,30,200,100,1000,1
82,21,61,25.6,0.798,-1.7252,6.7973,8.5225,0.3237,0.1397,73,9,-1.0241,-0.7011,8,69,5,0,180,5,300,100,500,1
83,23,60,27.7,0.797,-1.6175,6.367,7.9845,0.2768,0.1331,70,13,-1.2041,-0.4134,7,72,4,0,120,60,300,100,500,1
80,20,60,25.0,0.797,-1.6951,6.6444,8.3395,0.3322,0.139,72,8,-0.5703,-1.1248,1,72,6,1,180,15,300,100,1000,1
88,28,60,31.8,0.792,-2.3789,9.0763,11.4552,0.3242,0.1909,79,9,-2.73,0.3511,0,74,12,2,120,15,300,200,0,1
88,28,60,31.8,0.792,-2.3789,9.0763,11.4552,0.3242,0.1909,79,9,-2.73,0.3511,0,74,12,2,120,15,300,200,1000,1
82,23,59,28.0,0.791,-1.7001,6.4439,8.144,0.2802,0.138,73,9,-1.2295,-0.4706,20,62,0,0,180,5,300,100,300,1
90,31,59,34.4,0.789,-2.6806,10.0123,12.6929,0.323,0.2151,89,1,-2.5523,-0.1283,28,59,3,0,60,15,300,0,300,1
88,30,58,34.1,0.788,-2.691,9.9873,12.6783,0.3329,0.2186,82,6,-2.583,-0.108,13,68,6,1,120,5,300,0,500,1
77,29,48,37.7,0.786,-1.6833,6.1997,7.883,0.2138,0.1642,58,19,-1.1422,-0.5411,16,61,0,0,240,5,200,0,300,1
77,29,48,37.7,0.786,-1.6833,6.1997,7.883,0.2138,0.1642,58,19,-1.1422,-0.5411,16,61,0,0,240,5,200,200,300,1
74,28,46,37.8,0.785,-1.5685,5.7312,7.2997,0.2047,0.1587,54,20,-0.9055,-0.663,15,59,0,0,240,15,200,0,300,1
74,28,46,37.8,0.785,-1.5685,5.7312,7.2997,0.2047,0.1587,54,20,-0.9055,-0.663,15,59,0,0,240,15,200,200,300,1
61,28,33,45.9,0.782,-1.3094,4.7031,6.0125,0.168,0.1822,40,21,-0.957,-0.3524,13,48,0,0,360,5,200,0,300,1
61,28,33,45.9,0.782,-1.3094,4.7031,6.0125,0.168,0.1822,40,21,-0.957,-0.3524,13,48,0,0,360,5,200,200,300,1
83,30,53,36.1,0.781,-1.8593,6.6412,8.5005,0.2214,0.1604,70,13,-1.9724,0.1131,17,66,0,0,120,60,200,0,300,1
83,30,53,36.1,0.781,-1.8593,6.6412,8.5005,0.2214,0.1604,70,13,-1.9724,0.1131,17,66,0,0,120,60,200,200,300,1
90,34,56,37.8,0.778,-2.6667,9.3556,12.0223,0.2752,0.2147,87,3,-2.9188,0.2521,0,72,18,0,60,30,300,200,0,1
90,34,56,37.8,0.778,-2.6667,9.3556,12.0223,0.2752,0.2147,87,3,-2.9188,0.2521,0,72,18,0,60,30,300,200,1000,1
77,24,53,31.2,0.778,-1.7648,6.1714,7.9362,0.2571,0.1497,58,19,-1.0293,-0.7355,0,74,3,0,240,5,300,100,0,1
77,24,53,31.2,0.778,-1.7648,6.1714,7.9362,0.2571,0.1497,58,19,-1.0293,-0.7355,0,74,3,0,240,5,300,100,1000,1
68,25,43,36.8,0.777,-1.5032,5.229,6.7322,0.2092,0.1566,48,20,0.0336,-1.5368,0,65,3,0,240,30,200,0,0,1
68,25,43,36.8,0.777,-1.5032,5.229,6.7322,0.2092,0.1566,48,20,0.0336,-1.5368,0,65,3,0,240,30,200,0,1000,1
68,25,43,36.8,0.777,-1.5032,5.229,6.7322,0.2092,0.1566,48,20,0.0336,-1.5368,0,65,3,0,240,30,200,200,0,1
68,25,43,36.8,0.777,-1.5032,5.229,6.7322,0.2092,0.1566,48,20,0.0336,-1.5368,0,65,3,0,240,30,200,200,1000,1
77,28,49,36.4,0.774,-1.8336,6.2648,8.0984,0.2237,0.1653,58,19,-1.0894,-0.7442,0,75,2,0,240,5,200,0,0,1
77,28,49,36.4,0.774,-1.8336,6.2648,8.0984,0.2237,0.1653,58,19,-1.0894,-0.7442,0,75,2,0,240,5,200,0,1000,1
77,28,49,36.4,0.774,-1.8336,6.2648,8.0984,0.2237,0.1653,58,19,-1.0894,-0.7442,0,75,2,0,240,5,200,200,0,1
77,28,49,36.4,0.774,-1.8336,6.2648,8.0984,0.2237,0.1653,58,19,-1.0894,-0.7442,0,75,2,0,240,5,200,200,1000,1
90,33,57,36.7,0.771,-2.3128,7.7761,10.0889,0.2356,0.177,87,3,-1.5164,-0.7964,22,68,0,0,60,30,200,0,300,1
90,33,57,36.7,0.771,-2.3128,7.7761,10.0889,0.2356,0.177,87,3,-1.5164,-0.7964,22,68,0,0,60,30,200,200,300,1
90,31,59,34.4,0.766,-2.8338,9.2668,12.1006,0.2989,0.2051,89,1,-2.7055,-0.1283,5,68,17,0,60,15,300,200,500,1
76,36,40,47.4,0.763,-0.7084,2.2825,2.9909,0.0634,0.0748,60,16,-0.7401,0.0317,0,76,0,0,180,60,50,0,0,1
76,36,40,47.4,0.763,-0.7084,2.2825,2.9909,0.0634,0.0748,60,16,-0.7401,0.0317,0,76,0,0,180,60,50,0,300,1
76,36,40,47.4,0.763,-0.7084,2.2825,2.9909,0.0634,0.0748,60,16,-0.7401,0.0317,0,76,0,0,180,60,50,0,500,1
76,36,40,47.4,0.763,-0.7084,2.2825,2.9909,0.0634,0.0748,60,16,-0.7401,0.0317,0,76,0,0,180,60,50,0,1000,1
76,36,40,47.4,0.763,-0.7084,2.2825,2.9909,0.0634,0.0748,60,16,-0.7401,0.0317,0,76,0,0,180,60,50,100,0,1
76,36,40,47.4,0.763,-0.7084,2.2825,2.9909,0.0634,0.0748,60,16,-0.7401,0.0317,0,76,0,0,180,60,50,100,300,1
76,36,40,47.4,0.763,-0.7084,2.2825,2.9909,0.0634,0.0748,60,16,-0.7401,0.0317,0,76,0,0,180,60,50,100,500,1
76,36,40,47.4,0.763,-0.7084,2.2825,2.9909,0.0634,0.0748,60,16,-0.7401,0.0317,0,76,0,0,180,60,50,100,1000,1
76,36,40,47.4,0.763,-0.7084,2.2825,2.9909,0.0634,0.0748,60,16,-0.7401,0.0317,0,76,0,0,180,60,50,200,0,1
76,36,40,47.4,0.763,-0.7084,2.2825,2.9909,0.0634,0.0748,60,16,-0.7401,0.0317,0,76,0,0,180,60,50,200,300,1
76,36,40,47.4,0.763,-0.7084,2.2825,2.9909,0.0634,0.0748,60,16,-0.7401,0.0317,0,76,0,0,180,60,50,200,500,1
76,36,40,47.4,0.763,-0.7084,2.2825,2.9909,0.0634,0.0748,60,16,-0.7401,0.0317,0,76,0,0,180,60,50,200,1000,1
88,28,60,31.8,0.762,-2.9537,9.4412,12.3949,0.3372,0.2066,82,6,-2.8639,-0.0898,13,69,5,1,120,5,300,200,500,1
80,31,49,38.8,0.76,-1.8744,5.9368,7.8112,0.1915,0.1594,72,8,-1.2273,-0.6471,16,64,0,0,180,15,200,0,300,1
80,31,49,38.8,0.76,-1.8744,5.9368,7.8112,0.1915,0.1594,72,8,-1.2273,-0.6471,16,64,0,0,180,15,200,200,300,1
88,34,54,38.6,0.759,-2.1252,6.7105,8.8357,0.1974,0.1636,79,9,-2.9876,0.8624,0,85,3,0,120,15,200,0,0,1
88,34,54,38.6,0.759,-2.1252,6.7105,8.8357,0.1974,0.1636,79,9,-2.9876,0.8624,0,85,3,0,120,15,200,0,1000,1
88,34,54,38.6,0.759,-2.1252,6.7105,8.8357,0.1974,0.1636,79,9,-2.9876,0.8624,0,85,3,0,120,15,200,200,0,1
88,34,54,38.6,0.759,-2.1252,6.7105,8.8357,0.1974,0.1636,79,9,-2.9876,0.8624,0,85,3,0,120,15,200,200,1000,1
90,34,56,37.8,0.75,-3.1109,9.3556,12.4665,0.2752,0.2226,87,3,-3.363,0.2521,0,72,18,0,60,30,300,0,0,1
90,34,56,37.8,0.75,-3.1109,9.3556,12.4665,0.2752,0.2226,87,3,-3.363,0.2521,0,72,18,0,60,30,300,0,1000,1
80,30,50,37.5,0.749,-2.0342,6.0709,8.1051,0.2024,0.1621,72,8,-0.9376,-1.0966,0,78,2,0,180,15,200,0,0,1
80,30,50,37.5,0.749,-2.0342,6.0709,8.1051,0.2024,0.1621,72,8,-0.9376,-1.0966,0,78,2,0,180,15,200,0,1000,1
80,30,50,37.5,0.749,-2.0342,6.0709,8.1051,0.2024,0.1621,72,8,-0.9376,-1.0966,0,78,2,0,180,15,200,200,0,1
80,30,50,37.5,0.749,-2.0342,6.0709,8.1051,0.2024,0.1621,72,8,-0.9376,-1.0966,0,78,2,0,180,15,200,200,1000,1
79,28,51,35.4,0.749,-1.764,5.2727,7.0367,0.1883,0.138,69,10,-1.3912,-0.3728,13,65,1,0,180,30,200,100,300,1
40,12,28,30.0,0.748,-0.9776,2.8961,3.8737,0.2413,0.1383,24,16,1.4678,-2.4454,4,36,0,0,360,60,300,100,500,1
61,25,36,41.0,0.747,-1.4925,4.3958,5.8883,0.1758,0.1636,40,21,-0.8171,-0.6754,12,49,0,0,360,5,200,100,300,1
87,31,56,35.6,0.746,-2.4653,7.2554,9.7207,0.234,0.1736,78,9,-3.0699,0.6046,19,68,0,0,120,30,200,0,300,1
87,31,56,35.6,0.746,-2.4653,7.2554,9.7207,0.234,0.1736,78,9,-3.0699,0.6046,19,68,0,0,120,30,200,200,300,1
87,27,60,31.0,0.744,-2.2534,6.5568,8.8102,0.2428,0.1468,78,9,-3.1898,0.9364,5,78,4,0,120,30,200,100,500,1
88,29,59,33.0,0.74,-2.21,6.279,8.489,0.2165,0.1439,79,9,-2.7849,0.5749,7,80,1,0,120,15,200,100,500,1
80,26,54,32.5,0.737,-1.9586,5.4951,7.4537,0.2113,0.138,72,8,-0.8243,-1.1343,0,78,2,0,180,15,200,100,0,1
80,26,54,32.5,0.737,-1.9586,5.4951,7.4537,0.2113,0.138,72,8,-0.8243,-1.1343,0,78,2,0,180,15,200,100,1000,1
68,20,48,29.4,0.737,-1.9273,5.3932,7.3205,0.2697,0.1525,48,20,-1.0753,-0.852,0,65,3,0,240,30,300,100,0,1
68,20,48,29.4,0.737,-1.9273,5.3932,7.3205,0.2697,0.1525,48,20,-1.0753,-0.852,0,65,3,0,240,30,300,100,1000,1
90,31,59,34.4,0.736,-3.3187,9.2668,12.5855,0.2989,0.2133,89,1,-3.1904,-0.1283,5,68,17,0,60,15,300,0,500,1
68,20,48,29.4,0.735,-1.6473,4.5666,6.2139,0.2283,0.1295,48,20,0.1872,-1.8345,5,62,1,0,240,30,200,100,500,1
64,24,40,37.5,0.734,-1.6806,4.6364,6.317,0.1932,0.1579,41,23,0.0895,-1.7701,0,63,1,0,240,60,200,0,0,1
64,24,40,37.5,0.734,-1.6806,4.6364,6.317,0.1932,0.1579,41,23,0.0895,-1.7701,0,63,1,0,240,60,200,0,1000,1
64,24,40,37.5,0.734,-1.6806,4.6364,6.317,0.1932,0.1579,41,23,0.0895,-1.7701,0,63,1,0,240,60,200,200,0,1
64,24,40,37.5,0.734,-1.6806,4.6364,6.317,0.1932,0.1579,41,23,0.0895,-1.7701,0,63,1,0,240,60,200,200,1000,1
74,27,47,36.5,0.73,-2.0637,5.5701,7.6338,0.2063,0.1624,54,20,-1.1287,-0.935,0,73,1,0,240,15,200,0,0,1
74,27,47,36.5,0.73,-2.0637,5.5701,7.6338,0.2063,0.1624,54,20,-1.1287,-0.935,0,73,1,0,240,15,200,0,1000,1
74,27,47,36.5,0.73,-2.0637,5.5701,7.6338,0.2063,0.1624,54,20,-1.1287,-0.935,0,73,1,0,240,15,200,200,0,1
74,27,47,36.5,0.73,-2.0637,5.5701,7.6338,0.2063,0.1624,54,20,-1.1287,-0.935,0,73,1,0,240,15,200,200,1000,1
90,24,66,26.7,0.729,-2.675,7.197,9.872,0.2999,0.1496,87,3,-3.0807,0.4057,21,68,1,0,60,30,300,100,300,1
64,20,44,31.2,0.729,-1.5805,4.2435,5.824,0.2122,0.1324,41,23,0.1303,-1.7108,4,60,0,0,240,60,200,100,500,1
64,20,44,31.2,0.724,-1.6904,4.4269,6.1173,0.2213,0.139,42,22,0.0629,-1.7533,12,52,0,0,240,60,200,100,300,1
74,24,50,32.4,0.718,-1.9808,5.0345,7.0153,0.2098,0.1403,54,20,-1.0349,-0.9459,0,73,1,0,240,15,200,100,0,1
74,24,50,32.4,0.718,-1.9808,5.0345,7.0153,0.2098,0.1403,54,20,-1.0349,-0.9459,0,73,1,0,240,15,200,100,1000,1
90,33,57,36.7,0.716,-2.9149,7.3563,10.2712,0.2229,0.1802,87,3,-2.1185,-0.7964,3,78,9,0,60,30,200,0,500,1
90,33,57,36.7,0.716,-2.9149,7.3563,10.2712,0.2229,0.1802,87,3,-2.1185,-0.7964,3,78,9,0,60,30,200,200,500,1
83,25,58,30.1,0.713,-2.2548,5.5929,7.8477,0.2237,0.1353,70,13,-2.5147,0.2599,0,79,4,0,120,60,200,100,0,1
83,25,58,30.1,0.713,-2.2548,5.5929,7.8477,0.2237,0.1353,70,13,-2.5147,0.2599,0,79,4,0,120,60,200,100,1000,1
82,33,49,40.2,0.713,-2.3627,5.8825,8.2452,0.1783,0.1683,73,9,-1.3819,-0.9808,4,74,4,0,180,5,200,0,500,1
82,33,49,40.2,0.713,-2.3627,5.8825,8.2452,0.1783,0.1683,73,9,-1.3819,-0.9808,4,74,4,0,180,5,200,200,500,1
88,31,57,35.2,0.712,-3.4614,8.5541,12.0155,0.2759,0.2108,79,9,-3.3743,-0.0871,25,60,2,1,120,15,300,0,300,1
90,31,59,34.4,0.71,-3.9246,9.6195,13.5441,0.3103,0.2296,89,1,-3.7963,-0.1283,26,59,5,0,60,5,300,200,300,1
82,21,61,25.6,0.71,-2.4742,6.0483,8.5225,0.288,0.1397,73,9,-1.8106,-0.6636,0,74,8,0,180,5,300,100,0,1
82,21,61,25.6,0.71,-2.4742,6.0483,8.5225,0.288,0.1397,73,9,-1.8106,-0.6636,0,74,8,0,180,5,300,100,1000,1
83,22,61,26.5,0.709,-2.4076,5.8617,8.2693,0.2664,0.1356,70,13,-2.0387,-0.3689,17,66,0,0,120,60,300,100,300,1
80,26,54,32.5,0.706,-2.1766,5.219,7.3956,0.2007,0.137,72,8,-1.0423,-1.1343,14,66,0,0,180,15,200,100,300,1
77,24,53,31.2,0.703,-2.2109,5.2279,7.4388,0.2178,0.1404,58,19,-1.4625,-0.7484,13,64,0,0,240,5,200,100,300,1
74,24,50,32.4,0.702,-2.0396,4.8004,6.84,0.2,0.1368,54,20,-0.6837,-1.3559,12,62,0,0,240,15,200,100,300,1
77,23,54,29.9,0.701,-2.2732,5.338,7.6112,0.2321,0.1409,58,19,-1.5217,-0.7515,0,75,2,0,240,5,200,100,0,1
77,23,54,29.9,0.701,-2.2732,5.338,7.6112,0.2321,0.1409,58,19,-1.5217,-0.7515,0,75,2,0,240,5,200,100,1000,1
88,18,70,20.5,0.698,-2.9099,6.7125,9.6224,0.3729,0.1375,79,9,-3.3891,0.4792,11,74,2,1,120,15,300,100,500,1
90,31,59,34.4,0.695,-4.2212,9.6195,13.8407,0.3103,0.2346,89,1,-4.0929,-0.1283,26,59,5,0,60,5,300,0,300,1
90,31,59,34.4,0.695,-4.1309,9.4132,13.5441,0.3037,0.2296,89,1,-4.0026,-0.1283,6,67,17,0,60,5,300,200,500,1
87,27,60,31.0,0.695,-2.6909,6.1193,8.8102,0.2266,0.1468,78,9,-3.8193,1.1284,0,81,6,0,120,30,200,100,0,1
87,27,60,31.0,0.695,-2.6909,6.1193,8.8102,0.2266,0.1468,78,9,-3.8193,1.1284,0,81,6,0,120,30,200,100,1000,1
88,34,54,38.6,0.693,-2.8352,6.4064,9.2416,0.1884,0.1711,79,9,-3.2776,0.4424,16,72,0,0,120,15,200,0,300,1
88,34,54,38.6,0.693,-2.8352,6.4064,9.2416,0.1884,0.1711,79,9,-3.2776,0.4424,16,72,0,0,120,15,200,200,300,1
83,23,60,27.7,0.692,-2.4565,5.528,7.9845,0.2403,0.1331,70,13,-2.0431,-0.4134,0,77,6,0,120,60,300,100,0,1
83,23,60,27.7,0.692,-2.4565,5.528,7.9845,0.2403,0.1331,70,13,-2.0431,-0.4134,0,77,6,0,120,60,300,100,1000,1
52,22,30,42.3,0.692,-1.6236,3.6475,5.2711,0.1658,0.1757,29,23,-0.5583,-1.0653,10,42,0,0,360,30,200,0,300,1
52,22,30,42.3,0.692,-1.6236,3.6475,5.2711,0.1658,0.1757,29,23,-0.5583,-1.0653,10,42,0,0,360,30,200,200,300,1
90,31,59,34.4,0.687,-3.7923,8.3348,12.1271,0.2689,0.2055,89,1,-3.664,-0.1283,0,72,18,0,60,15,300,200,0,1
90,31,59,34.4,0.687,-3.7923,8.3348,12.1271,0.2689,0.2055,89,1,-3.664,-0.1283,0,72,18,0,60,15,300,200,1000,1
87,27,60,31.0,0.682,-2.7974,6.0128,8.8102,0.2227,0.1468,78,9,-3.4768,0.6794,15,72,0,0,120,30,200,100,300,1
83,25,58,30.1,0.682,-2.4963,5.3514,7.8477,0.2141,0.1353,70,13,-2.7007,0.2044,13,70,0,0,120,60,200,100,300,1
79,37,42,46.8,0.682,-1.6832,3.6033,5.2865,0.0974,0.1259,69,10,-1.1327,-0.5505,2,77,0,0,180,30,100,0,300,1
79,37,42,46.8,0.682,-1.6832,3.6033,5.2865,0.0974,0.1259,69,10,-1.1327,-0.5505,2,77,0,0,180,30,100,100,300,1
79,37,42,46.8,0.682,-1.6832,3.6033,5.2865,0.0974,0.1259,69,10,-1.1327,-0.5505,2,77,0,0,180,30,100,200,300,1
90,31,59,34.4,0.68,-4.4275,9.4132,13.8407,0.3037,0.2346,89,1,-4.2992,-0.1283,6,67,17,0,60,5,300,0,500,1
90,20,70,22.2,0.676,-3.1874,6.6464,9.8338,0.3323,0.1405,89,1,-3.1874,0.0,18,70,2,0,60,15,300,100,300,1
87,22,65,25.3,0.673,-3.3681,6.9292,10.2973,0.315,0.1584,78,9,-4.2115,0.8434,8,73,6,0,120,30,300,100,500,1
82,33,49,40.2,0.673,-2.6614,5.4814,8.1428,0.1661,0.1662,73,9,-1.8281,-0.8333,13,68,1,0,180,5,200,0,300,1
82,33,49,40.2,0.673,-2.6614,5.4814,8.1428,0.1661,0.1662,73,9,-1.8281,-0.8333,13,68,1,0,180,5,200,200,300,1
88,33,55,37.5,0.671,-3.3298,6.7993,10.1291,0.206,0.1842,81,7,-3.5703,0.2405,6,80,2,0,120,5,200,0,500,1
88,33,55,37.5,0.671,-3.3298,6.7993,10.1291,0.206,0.1842,81,7,-3.5703,0.2405,6,80,2,0,120,5,200,200,500,1
60,24,36,40.0,0.664,-2.0252,3.998,6.0232,0.1666,0.1673,40,20,-1.2217,-0.8035,3,56,1,0,360,5,200,100,500,1
88,18,70,20.5,0.663,-3.2266,6.3415,9.5681,0.3523,0.1367,79,9,-3.8978,0.6712,0,78,8,2,120,15,300,100,0,1
88,18,70,20.5,0.663,-3.2266,6.3415,9.5681,0.3523,0.1367,79,9,-3.8978,0.6712,0,78,8,2,120,15,300,100,1000,1
60,27,33,45.0,0.663,-2.0861,4.1053,6.1914,0.152,0.1876,40,20,-1.3616,-0.7245,3,56,1,0,360,5,200,0,500,1
60,27,33,45.0,0.663,-2.0861,4.1053,6.1914,0.152,0.1876,40,20,-1.3616,-0.7245,3,56,1,0,360,5,200,200,500,1
90,31,59,34.4,0.661,-4.2772,8.3348,12.612,0.2689,0.2138,89,1,-4.1489,-0.1283,0,72,18,0,60,15,300,0,0,1
90,31,59,34.4,0.661,-4.2772,8.3348,12.612,0.2689,0.2138,89,1,-4.1489,-0.1283,0,72,18,0,60,15,300,0,1000,1
90,33,57,36.7,0.66,-3.4929,6.7783,10.2712,0.2054,0.1802,87,3,-2.6965,-0.7964,0,81,9,0,60,30,200,0,0,1
90,33,57,36.7,0.66,-3.4929,6.7783,10.2712,0.2054,0.1802,87,3,-2.6965,-0.7964,0,81,9,0,60,30,200,0,1000,1
90,33,57,36.7,0.66,-3.4929,6.7783,10.2712,0.2054,0.1802,87,3,-2.6965,-0.7964,0,81,9,0,60,30,200,200,0,1
90,33,57,36.7,0.66,-3.4929,6.7783,10.2712,0.2054,0.1802,87,3,-2.6965,-0.7964,0,81,9,0,60,30,200,200,1000,1
79,37,42,46.8,0.659,-1.8027,3.4838,5.2865,0.0942,0.1259,69,10,-1.2522,-0.5505,0,79,0,0,180,30,100,0,0,1
79,37,42,46.8,0.659,-1.8027,3.4838,5.2865,0.0942,0.1259,69,10,-1.2522,-0.5505,0,79,0,0,180,30,100,0,500,1
79,37,42,46.8,0.659,-1.8027,3.4838,5.2865,0.0942,0.1259,69,10,-1.2522,-0.5505,0,79,0,0,180,30,100,0,1000,1
79,37,42,46.8,0.659,-1.8027,3.4838,5.2865,0.0942,0.1259,69,10,-1.2522,-0.5505,0,79,0,0,180,30,100,100,0,1
79,37,42,46.8,0.659,-1.8027,3.4838,5.2865,0.0942,0.1259,69,10,-1.2522,-0.5505,0,79,0,0,180,30,100,100,500,1
79,37,42,46.8,0.659,-1.8027,3.4838,5.2865,0.0942,0.1259,69,10,-1.2522,-0.5505,0,79,0,0,180,30,100,100,1000,1
79,37,42,46.8,0.659,-1.8027,3.4838,5.2865,0.0942,0.1259,69,10,-1.2522,-0.5505,0,79,0,0,180,30,100,200,0,1
79,37,42,46.8,0.659,-1.8027,3.4838,5.2865,0.0942,0.1259,69,10,-1.2522,-0.5505,0,79,0,0,180,30,100,200,500,1
79,37,42,46.8,0.659,-1.8027,3.4838,5.2865,0.0942,0.1259,69,10,-1.2522,-0.5505,0,79,0,0,180,30,100,200,1000,1
90,28,62,31.1,0.658,-3.3952,6.5265,9.9217,0.2331,0.16,89,1,-3.1964,-0.1988,17,72,1,0,60,15,200,0,300,1
90,28,62,31.1,0.658,-3.3952,6.5265,9.9217,0.2331,0.16,89,1,-3.1964,-0.1988,17,72,1,0,60,15,200,200,300,1
82,33,49,40.2,0.657,-2.8272,5.418,8.2452,0.1642,0.1683,73,9,-1.8464,-0.9808,0,78,4,0,180,5,200,0,0,1
82,33,49,40.2,0.657,-2.8272,5.418,8.2452,0.1642,0.1683,73,9,-1.8464,-0.9808,0,78,4,0,180,5,200,0,1000,1
82,33,49,40.2,0.657,-2.8272,5.418,8.2452,0.1642,0.1683,73,9,-1.8464,-0.9808,0,78,4,0,180,5,200,200,0,1
82,33,49,40.2,0.657,-2.8272,5.418,8.2452,0.1642,0.1683,73,9,-1.8464,-0.9808,0,78,4,0,180,5,200,200,1000,1
88,29,59,33.0,0.656,-2.857,5.4526,8.3096,0.188,0.1408,79,9,-3.6239,0.7669,0,85,3,0,120,15,200,100,0,1
88,29,59,33.0,0.656,-2.857,5.4526,8.3096,0.188,0.1408,79,9,-3.6239,0.7669,0,85,3,0,120,15,200,100,1000,1
68,20,48,29.4,0.656,-2.1378,4.0761,6.2139,0.2038,0.1295,48,20,-0.3298,-1.808,0,66,2,0,240,30,200,100,0,1
68,20,48,29.4,0.656,-2.1378,4.0761,6.2139,0.2038,0.1295,48,20,-0.3298,-1.808,0,66,2,0,240,30,200,100,1000,1
40,17,23,42.5,0.654,-0.9778,1.8482,2.826,0.1087,0.1229,24,16,0.1891,-1.1669,2,38,0,0,360,60,100,0,300,1
40,17,23,42.5,0.654,-0.9778,1.8482,2.826,0.1087,0.1229,24,16,0.1891,-1.1669,2,38,0,0,360,60,100,100,300,1
40,17,23,42.5,0.654,-0.9778,1.8482,2.826,0.1087,0.1229,24,16,0.1891,-1.1669,2,38,0,0,360,60,100,200,300,1
88,28,60,31.8,0.653,-4.0497,7.6198,11.6695,0.2721,0.1945,79,9,-3.9808,-0.0689,22,63,2,1,120,15,300,200,300,1
82,39,43,47.6,0.65,-1.8747,3.4885,5.3632,0.0894,0.1247,73,9,-1.4704,-0.4043,2,80,0,0,180,5,100,0,300,1
82,39,43,47.6,0.65,-1.8747,3.4885,5.3632,0.0894,0.1247,73,9,-1.4704,-0.4043,2,80,0,0,180,5,100,100,300,1
82,39,43,47.6,0.65,-1.8747,3.4885,5.3632,0.0894,0.1247,73,9,-1.4704,-0.4043,2,80,0,0,180,5,100,200,300,1
90,23,67,25.6,0.649,-3.5803,6.6252,10.2055,0.2881,0.1523,87,3,-4.019,0.4387,4,75,11,0,60,30,300,100,500,1
64,28,36,43.8,0.641,-1.0111,1.8039,2.815,0.0644,0.0782,41,23,-0.0415,-0.9696,0,64,0,0,240,60,50,0,0,1
64,28,36,43.8,0.641,-1.0111,1.8039,2.815,0.0644,0.0782,41,23,-0.0415,-0.9696,0,64,0,0,240,60,50,0,300,1
64,28,36,43.8,0.641,-1.0111,1.8039,2.815,0.0644,0.0782,41,23,-0.0415,-0.9696,0,64,0,0,240,60,50,0,500,1
64,28,36,43.8,0.641,-1.0111,1.8039,2.815,0.0644,0.0782,41,23,-0.0415,-0.9696,0,64,0,0,240,60,50,0,1000,1
64,28,36,43.8,0.641,-1.0111,1.8039,2.815,0.0644,0.0782,41,23,-0.0415,-0.9696,0,64,0,0,240,60,50,100,0,1
64,28,36,43.8,0.641,-1.0111,1.8039,2.815,0.0644,0.0782,41,23,-0.0415,-0.9696,0,64,0,0,240,60,50,100,300,1
64,28,36,43.8,0.641,-1.0111,1.8039,2.815,0.0644,0.0782,41,23,-0.0415,-0.9696,0,64,0,0,240,60,50,100,500,1
64,28,36,43.8,0.641,-1.0111,1.8039,2.815,0.0644,0.0782,41,23,-0.0415,-0.9696,0,64,0,0,240,60,50,100,1000,1
64,28,36,43.8,0.641,-1.0111,1.8039,2.815,0.0644,0.0782,41,23,-0.0415,-0.9696,0,64,0,0,240,60,50,200,0,1
64,28,36,43.8,0.641,-1.0111,1.8039,2.815,0.0644,0.0782,41,23,-0.0415,-0.9696,0,64,0,0,240,60,50,200,300,1
64,28,36,43.8,0.641,-1.0111,1.8039,2.815,0.0644,0.0782,41,23,-0.0415,-0.9696,0,64,0,0,240,60,50,200,500,1
64,28,36,43.8,0.641,-1.0111,1.8039,2.815,0.0644,0.0782,41,23,-0.0415,-0.9696,0,64,0,0,240,60,50,200,1000,1
87,22,65,25.3,0.64,-3.7116,6.5857,10.2973,0.2994,0.1584,78,9,-4.747,1.0354,0,76,11,0,120,30,300,100,0,1
87,23,64,26.4,0.64,-3.5838,6.366,9.9498,0.2768,0.1555,78,9,-4.1702,0.5864,19,68,0,0,120,30,300,100,300,1
87,22,65,25.3,0.64,-3.7116,6.5857,10.2973,0.2994,0.1584,78,9,-4.747,1.0354,0,76,11,0,120,30,300,100,1000,1
90,26,64,28.9,0.638,-3.2488,5.7252,8.974,0.2202,0.1402,89,1,-3.05,-0.1988,3,80,7,0,60,15,200,100,500,1
88,29,59,33.0,0.632,-3.127,5.362,8.489,0.1849,0.1439,79,9,-3.4739,0.3469,13,75,0,0,120,15,200,100,300,1
90,26,64,28.9,0.629,-3.3298,5.6442,8.974,0.2171,0.1402,89,1,-3.131,-0.1988,14,75,1,0,60,15,200,100,300,1
68,20,48,29.4,0.629,-2.2405,3.7981,6.0386,0.1899,0.1258,48,20,-0.202,-2.0385,9,59,0,0,240,30,200,100,300,1
82,39,43,47.6,0.628,-1.9942,3.369,5.3632,0.0864,0.1247,73,9,-1.5899,-0.4043,0,82,0,0,180,5,100,0,0,1
82,39,43,47.6,0.628,-1.9942,3.369,5.3632,0.0864,0.1247,73,9,-1.5899,-0.4043,0,82,0,0,180,5,100,0,500,1
82,39,43,47.6,0.628,-1.9942,3.369,5.3632,0.0864,0.1247,73,9,-1.5899,-0.4043,0,82,0,0,180,5,100,0,1000,1
82,39,43,47.6,0.628,-1.9942,3.369,5.3632,0.0864,0.1247,73,9,-1.5899,-0.4043,0,82,0,0,180,5,100,100,0,1
82,39,43,47.6,0.628,-1.9942,3.369,5.3632,0.0864,0.1247,73,9,-1.5899,-0.4043,0,82,0,0,180,5,100,100,500,1
82,39,43,47.6,0.628,-1.9942,3.369,5.3632,0.0864,0.1247,73,9,-1.5899,-0.4043,0,82,0,0,180,5,100,100,1000,1
82,39,43,47.6,0.628,-1.9942,3.369,5.3632,0.0864,0.1247,73,9,-1.5899,-0.4043,0,82,0,0,180,5,100,200,0,1
82,39,43,47.6,0.628,-1.9942,3.369,5.3632,0.0864,0.1247,73,9,-1.5899,-0.4043,0,82,0,0,180,5,100,200,500,1
82,39,43,47.6,0.628,-1.9942,3.369,5.3632,0.0864,0.1247,73,9,-1.5899,-0.4043,0,82,0,0,180,5,100,200,1000,1
64,27,37,42.2,0.626,-1.4706,2.4633,3.9339,0.0912,0.1063,41,23,-0.092,-1.3786,0,64,0,0,240,60,100,0,0,1
64,27,37,42.2,0.626,-1.4706,2.4633,3.9339,0.0912,0.1063,41,23,-0.092,-1.3786,0,64,0,0,240,60,100,0,500,1
64,27,37,42.2,0.626,-1.4706,2.4633,3.9339,0.0912,0.1063,41,23,-0.092,-1.3786,0,64,0,0,240,60,100,0,1000,1
64,27,37,42.2,0.626,-1.4706,2.4633,3.9339,0.0912,0.1063,41,23,-0.092,-1.3786,0,64,0,0,240,60,100,100,0,1
64,27,37,42.2,0.626,-1.4706,2.4633,3.9339,0.0912,0.1063,41,23,-0.092,-1.3786,0,64,0,0,240,60,100,100,500,1
64,27,37,42.2,0.626,-1.4706,2.4633,3.9339,0.0912,0.1063,41,23,-0.092,-1.3786,0,64,0,0,240,60,100,100,1000,1
64,27,37,42.2,0.626,-1.4706,2.4633,3.9339,0.0912,0.1063,41,23,-0.092,-1.3786,0,64,0,0,240,60,100,200,0,1
64,27,37,42.2,0.626,-1.4706,2.4633,3.9339,0.0912,0.1063,41,23,-0.092,-1.3786,0,64,0,0,240,60,100,200,500,1
64,27,37,42.2,0.626,-1.4706,2.4633,3.9339,0.0912,0.1063,41,23,-0.092,-1.3786,0,64,0,0,240,60,100,200,1000,1
60,27,33,45.0,0.626,-2.3151,3.8763,6.1914,0.1436,0.1876,40,20,-1.5986,-0.7165,0,59,1,0,360,5,200,0,0,1
60,27,33,45.0,0.626,-2.3151,3.8763,6.1914,0.1436,0.1876,40,20,-1.5986,-0.7165,0,59,1,0,360,5,200,0,1000,1
60,24,36,40.0,0.626,-2.2542,3.769,6.0232,0.157,0.1673,40,20,-1.4587,-0.7955,0,59,1,0,360,5,200,100,0,1
60,24,36,40.0,0.626,-2.2542,3.769,6.0232,0.157,0.1673,40,20,-1.4587,-0.7955,0,59,1,0,360,5,200,100,1000,1
60,27,33,45.0,0.626,-2.3151,3.8763,6.1914,0.1436,0.1876,40,20,-1.5986,-0.7165,0,59,1,0,360,5,200,200,0,1
60,27,33,45.0,0.626,-2.3151,3.8763,6.1914,0.1436,0.1876,40,20,-1.5986,-0.7165,0,59,1,0,360,5,200,200,1000,1
64,20,44,31.2,0.625,-2.185,3.639,5.824,0.182,0.1324,41,23,-0.3202,-1.8648,0,64,0,0,240,60,200,100,0,1
64,20,44,31.2,0.625,-2.185,3.639,5.824,0.182,0.1324,41,23,-0.3202,-1.8648,0,64,0,0,240,60,200,100,1000,1
90,29,61,32.2,0.623,-3.6718,6.055,9.7268,0.2088,0.1595,89,1,-3.473,-0.1988,2,80,8,0,60,15,200,0,500,1
90,29,61,32.2,0.623,-3.6718,6.055,9.7268,0.2088,0.1595,89,1,-3.473,-0.1988,2,80,8,0,60,15,200,200,500,1
90,31,59,34.4,0.622,-5.1728,8.5032,13.676,0.2743,0.2318,89,1,-5.0445,-0.1283,0,71,19,0,60,5,300,200,0,1
90,31,59,34.4,0.622,-5.1728,8.5032,13.676,0.2743,0.2318,89,1,-5.0445,-0.1283,0,71,19,0,60,5,300,200,1000,1
88,29,59,33.0,0.622,-4.7955,7.89,12.6855,0.2721,0.215,82,6,-4.6245,-0.171,23,63,1,1,120,5,300,0,300,1
83,34,49,41.0,0.622,-2.047,3.3714,5.4184,0.0992,0.1106,70,13,-2.3906,0.3436,0,82,1,0,120,60,100,0,0,1
83,34,49,41.0,0.622,-2.047,3.3714,5.4184,0.0992,0.1106,70,13,-2.3906,0.3436,0,82,1,0,120,60,100,0,500,1
83,34,49,41.0,0.622,-2.047,3.3714,5.4184,0.0992,0.1106,70,13,-2.3906,0.3436,0,82,1,0,120,60,100,0,1000,1
83,34,49,41.0,0.622,-2.047,3.3714,5.4184,0.0992,0.1106,70,13,-2.3906,0.3436,0,82,1,0,120,60,100,100,0,1
83,34,49,41.0,0.622,-2.047,3.3714,5.4184,0.0992,0.1106,70,13,-2.3906,0.3436,0,82,1,0,120,60,100,100,500,1
83,34,49,41.0,0.622,-2.047,3.3714,5.4184,0.0992,0.1106,70,13,-2.3906,0.3436,0,82,1,0,120,60,100,100,1000,1
83,34,49,41.0,0.622,-2.047,3.3714,5.4184,0.0992,0.1106,70,13,-2.3906,0.3436,0,82,1,0,120,60,100,200,0,1
83,34,49,41.0,0.622,-2.047,3.3714,5.4184,0.0992,0.1106,70,13,-2.3906,0.3436,0,82,1,0,120,60,100,200,500,1
83,34,49,41.0,0.622,-2.047,3.3714,5.4184,0.0992,0.1106,70,13,-2.3906,0.3436,0,82,1,0,120,60,100,200,1000,1
40,19,21,47.5,0.622,-1.5023,2.468,3.9703,0.1299,0.1891,24,16,0.0236,-1.5259,1,39,0,0,360,60,200,0,500,1
40,19,21,47.5,0.622,-1.5023,2.468,3.9703,0.1299,0.1891,24,16,0.0236,-1.5259,1,39,0,0,360,60,200,200,500,1
88,29,59,33.0,0.618,-4.9717,8.0345,13.0062,0.2771,0.2204,81,7,-4.7827,-0.189,0,76,11,1,120,5,300,0,0,1
88,29,59,33.0,0.618,-4.9717,8.0345,13.0062,0.2771,0.2204,81,7,-4.7827,-0.189,0,76,11,1,120,5,300,0,1000,1
90,28,62,31.1,0.615,-3.7256,5.944,9.6696,0.2123,0.156,87,3,-2.9292,-0.7964,16,74,0,0,60,30,200,100,300,1
64,26,38,40.6,0.614,-1.5921,2.5351,4.1272,0.0975,0.1086,42,22,-0.1398,-1.4523,2,62,0,0,240,60,100,0,300,1
64,26,38,40.6,0.614,-1.5921,2.5351,4.1272,0.0975,0.1086,42,22,-0.1398,-1.4523,2,62,0,0,240,60,100,100,300,1
64,26,38,40.6,0.614,-1.5921,2.5351,4.1272,0.0975,0.1086,42,22,-0.1398,-1.4523,2,62,0,0,240,60,100,200,300,1
90,20,70,22.2,0.612,-3.8114,6.0224,9.8338,0.3011,0.1405,89,1,-3.8114,0.0,3,76,11,0,60,15,300,100,500,1
83,34,49,41.0,0.611,-2.11,3.3084,5.4184,0.0973,0.1106,70,13,-2.3906,0.2806,1,82,0,0,120,60,100,0,300,1
83,34,49,41.0,0.611,-2.11,3.3084,5.4184,0.0973,0.1106,70,13,-2.3906,0.2806,1,82,0,0,120,60,100,100,300,1
83,34,49,41.0,0.611,-2.11,3.3084,5.4184,0.0973,0.1106,70,13,-2.3906,0.2806,1,82,0,0,120,60,100,200,300,1
90,31,59,34.4,0.609,-5.4694,8.5032,13.9726,0.2743,0.2368,89,1,-5.3411,-0.1283,0,71,19,0,60,5,300,0,0,1
90,31,59,34.4,0.609,-5.4694,8.5032,13.9726,0.2743,0.2368,89,1,-5.3411,-0.1283,0,71,19,0,60,5,300,0,1000,1
74,30,44,40.5,0.601,-1.5352,2.3077,3.8429,0.0769,0.0873,54,20,-0.7132,-0.822,0,74,0,0,240,15,50,0,0,1
74,30,44,40.5,0.601,-1.5352,2.3077,3.8429,0.0769,0.0873,54,20,-0.7132,-0.822,0,74,0,0,240,15,50,0,300,1
74,30,44,40.5,0.601,-1.5352,2.3077,3.8429,0.0769,0.0873,54,20,-0.7132,-0.822,0,74,0,0,240,15,50,0,500,1
74,30,44,40.5,0.601,-1.5352,2.3077,3.8429,0.0769,0.0873,54,20,-0.7132,-0.822,0,74,0,0,240,15,50,0,1000,1
74,30,44,40.5,0.601,-1.5352,2.3077,3.8429,0.0769,0.0873,54,20,-0.7132,-0.822,0,74,0,0,240,15,50,100,0,1
74,30,44,40.5,0.601,-1.5352,2.3077,3.8429,0.0769,0.0873,54,20,-0.7132,-0.822,0,74,0,0,240,15,50,100,300,1
74,30,44,40.5,0.601,-1.5352,2.3077,3.8429,0.0769,0.0873,54,20,-0.7132,-0.822,0,74,0,0,240,15,50,100,500,1
74,30,44,40.5,0.601,-1.5352,2.3077,3.8429,0.0769,0.0873,54,20,-0.7132,-0.822,0,74,0,0,240,15,50,100,1000,1
74,30,44,40.5,0.601,-1.5352,2.3077,3.8429,0.0769,0.0873,54,20,-0.7132,-0.822,0,74,0,0,240,15,50,200,0,1
74,30,44,40.5,0.601,-1.5352,2.3077,3.8429,0.0769,0.0873,54,20,-0.7132,-0.822,0,74,0,0,240,15,50,200,300,1
74,30,44,40.5,0.601,-1.5352,2.3077,3.8429,0.0769,0.0873,54,20,-0.7132,-0.822,0,74,0,0,240,15,50,200,500,1
74,30,44,40.5,0.601,-1.5352,2.3077,3.8429,0.0769,0.0873,54,20,-0.7132,-0.822,0,74,0,0,240,15,50,200,1000,1
90,27,63,30.0,0.6,-3.9624,5.9407,9.9031,0.22,0.1572,87,3,-3.166,-0.7964,3,80,7,0,60,30,200,100,500,1
87,36,51,41.4,0.597,-2.589,3.8378,6.4268,0.1066,0.126,78,9,-3.0781,0.4891,3,84,0,0,120,30,100,0,300,1
87,36,51,41.4,0.597,-2.589,3.8378,6.4268,0.1066,0.126,78,9,-3.0781,0.4891,3,84,0,0,120,30,100,100,300,1
87,36,51,41.4,0.597,-2.589,3.8378,6.4268,0.1066,0.126,78,9,-3.0781,0.4891,3,84,0,0,120,30,100,200,300,1
52,18,34,34.6,0.597,-2.0475,3.0384,5.0859,0.1688,0.1496,29,23,-0.3574,-1.6901,8,44,0,0,360,30,200,100,300,1
40,17,23,42.5,0.597,-1.1393,1.6867,2.826,0.0992,0.1229,24,16,0.1276,-1.2669,0,40,0,0,360,60,100,0,0,1
40,17,23,42.5,0.597,-1.1393,1.6867,2.826,0.0992,0.1229,24,16,0.1276,-1.2669,0,40,0,0,360,60,100,0,500,1
40,17,23,42.5,0.597,-1.1393,1.6867,2.826,0.0992,0.1229,24,16,0.1276,-1.2669,0,40,0,0,360,60,100,0,1000,1
40,17,23,42.5,0.597,-1.1393,1.6867,2.826,0.0992,0.1229,24,16,0.1276,-1.2669,0,40,0,0,360,60,100,100,0,1
40,17,23,42.5,0.597,-1.1393,1.6867,2.826,0.0992,0.1229,24,16,0.1276,-1.2669,0,40,0,0,360,60,100,100,500,1
40,17,23,42.5,0.597,-1.1393,1.6867,2.826,0.0992,0.1229,24,16,0.1276,-1.2669,0,40,0,0,360,60,100,100,1000,1
40,17,23,42.5,0.597,-1.1393,1.6867,2.826,0.0992,0.1229,24,16,0.1276,-1.2669,0,40,0,0,360,60,100,200,0,1
40,17,23,42.5,0.597,-1.1393,1.6867,2.826,0.0992,0.1229,24,16,0.1276,-1.2669,0,40,0,0,360,60,100,200,500,1
40,17,23,42.5,0.597,-1.1393,1.6867,2.826,0.0992,0.1229,24,16,0.1276,-1.2669,0,40,0,0,360,60,100,200,1000,1
77,29,48,37.7,0.594,-1.6501,2.4173,4.0674,0.0834,0.0847,58,19,-0.9434,-0.7067,0,77,0,0,240,5,50,0,0,1
77,29,48,37.7,0.594,-1.6501,2.4173,4.0674,0.0834,0.0847,58,19,-0.9434,-0.7067,0,77,0,0,240,5,50,0,300,1
77,29,48,37.7,0.594,-1.6501,2.4173,4.0674,0.0834,0.0847,58,19,-0.9434,-0.7067,0,77,0,0,240,5,50,0,500,1
77,29,48,37.7,0.594,-1.6501,2.4173,4.0674,0.0834,0.0847,58,19,-0.9434,-0.7067,0,77,0,0,240,5,50,0,1000,1
77,29,48,37.7,0.594,-1.6501,2.4173,4.0674,0.0834,0.0847,58,19,-0.9434,-0.7067,0,77,0,0,240,5,50,100,0,1
77,29,48,37.7,0.594,-1.6501,2.4173,4.0674,0.0834,0.0847,58,19,-0.9434,-0.7067,0,77,0,0,240,5,50,100,300,1
77,29,48,37.7,0.594,-1.6501,2.4173,4.0674,0.0834,0.0847,58,19,-0.9434,-0.7067,0,77,0,0,240,5,50,100,500,1
77,29,48,37.7,0.594,-1.6501,2.4173,4.0674,0.0834,0.0847,58,19,-0.9434,-0.7067,0,77,0,0,240,5,50,100,1000,1
77,29,48,37.7,0.594,-1.6501,2.4173,4.0674,0.0834,0.0847,58,19,-0.9434,-0.7067,0,77,0,0,240,5,50,200,0,1
77,29,48,37.7,0.594,-1.6501,2.4173,4.0674,0.0834,0.0847,58,19,-0.9434,-0.7067,0,77,0,0,240,5,50,200,300,1
77,29,48,37.7,0.594,-1.6501,2.4173,4.0674,0.0834,0.0847,58,19,-0.9434,-0.7067,0,77,0,0,240,5,50,200,500,1
77,29,48,37.7,0.594,-1.6501,2.4173,4.0674,0.0834,0.0847,58,19,-0.9434,-0.7067,0,77,0,0,240,5,50,200,1000,1
88,33,55,37.5,0.591,-4.1207,5.9579,10.0786,0.1805,0.1832,81,7,-4.3612,0.2405,0,85,3,0,120,5,200,0,0,1
88,33,55,37.5,0.591,-4.1207,5.9579,10.0786,0.1805,0.1832,81,7,-4.3612,0.2405,0,85,3,0,120,5,200,0,1000,1
88,33,55,37.5,0.591,-4.1207,5.9579,10.0786,0.1805,0.1832,81,7,-4.3612,0.2405,0,85,3,0,120,5,200,200,0,1
88,33,55,37.5,0.591,-4.1207,5.9579,10.0786,0.1805,0.1832,81,7,-4.3612,0.2405,0,85,3,0,120,5,200,200,1000,1
88,27,61,30.7,0.588,-5.094,7.2804,12.3744,0.2696,0.2029,82,6,-4.9412,-0.1528,21,65,1,1,120,5,300,200,300,1
90,29,61,32.2,0.586,-4.0293,5.6975,9.7268,0.1965,0.1595,89,1,-3.8305,-0.1988,0,82,8,0,60,15,200,0,0,1
90,29,61,32.2,0.586,-4.0293,5.6975,9.7268,0.1965,0.1595,89,1,-3.8305,-0.1988,0,82,8,0,60,15,200,0,1000,1
90,29,61,32.2,0.586,-4.0293,5.6975,9.7268,0.1965,0.1595,89,1,-3.8305,-0.1988,0,82,8,0,60,15,200,200,0,1
90,29,61,32.2,0.586,-4.0293,5.6975,9.7268,0.1965,0.1595,89,1,-3.8305,-0.1988,0,82,8,0,60,15,200,200,1000,1
90,23,67,25.6,0.586,-4.2293,5.9762,10.2055,0.2598,0.1523,87,3,-4.668,0.4387,0,78,12,0,60,30,300,100,0,1
90,23,67,25.6,0.586,-4.2293,5.9762,10.2055,0.2598,0.1523,87,3,-4.668,0.4387,0,78,12,0,60,30,300,100,1000,1
82,26,56,31.7,0.586,-3.1819,4.496,7.6779,0.1729,0.1371,73,9,-2.4118,-0.7701,11,71,0,0,180,5,200,100,300,1
88,33,55,37.5,0.583,-4.2325,5.9116,10.1441,0.1791,0.1844,82,6,-4.391,0.1585,13,74,1,0,120,5,200,0,300,1
88,33,55,37.5,0.583,-4.2325,5.9116,10.1441,0.1791,0.1844,82,6,-4.391,0.1585,13,74,1,0,120,5,200,200,300,1
87,36,51,41.4,0.583,-2.68,3.7468,6.4268,0.1041,0.126,78,9,-3.2321,0.5521,0,86,1,0,120,30,100,0,0,1
87,36,51,41.4,0.583,-2.68,3.7468,6.4268,0.1041,0.126,78,9,-3.2321,0.5521,0,86,1,0,120,30,100,0,500,1
87,36,51,41.4,0.583,-2.68,3.7468,6.4268,0.1041,0.126,78,9,-3.2321,0.5521,0,86,1,0,120,30,100,0,1000,1
87,36,51,41.4,0.583,-2.68,3.7468,6.4268,0.1041,0.126,78,9,-3.2321,0.5521,0,86,1,0,120,30,100,100,0,1
87,36,51,41.4,0.583,-2.68,3.7468,6.4268,0.1041,0.126,78,9,-3.2321,0.5521,0,86,1,0,120,30,100,100,500,1
87,36,51,41.4,0.583,-2.68,3.7468,6.4268,0.1041,0.126,78,9,-3.2321,0.5521,0,86,1,0,120,30,100,100,1000,1
87,36,51,41.4,0.583,-2.68,3.7468,6.4268,0.1041,0.126,78,9,-3.2321,0.5521,0,86,1,0,120,30,100,200,0,1
87,36,51,41.4,0.583,-2.68,3.7468,6.4268,0.1041,0.126,78,9,-3.2321,0.5521,0,86,1,0,120,30,100,200,500,1
87,36,51,41.4,0.583,-2.68,3.7468,6.4268,0.1041,0.126,78,9,-3.2321,0.5521,0,86,1,0,120,30,100,200,1000,1
88,26,62,29.5,0.581,-5.3231,7.3962,12.7193,0.2845,0.2052,81,7,-5.2333,-0.0898,0,77,10,1,120,5,300,200,0,1
88,26,62,29.5,0.581,-5.3231,7.3962,12.7193,0.2845,0.2052,81,7,-5.2333,-0.0898,0,77,10,1,120,5,300,200,1000,1
82,26,56,31.7,0.581,-3.2434,4.4926,7.736,0.1728,0.1381,73,9,-2.3258,-0.9176,3,77,2,0,180,5,200,100,500,1
90,26,64,28.9,0.578,-3.7873,5.1867,8.974,0.1995,0.1402,89,1,-3.5885,-0.1988,0,83,7,0,60,15,200,100,0,1
90,26,64,28.9,0.578,-3.7873,5.1867,8.974,0.1995,0.1402,89,1,-3.5885,-0.1988,0,83,7,0,60,15,200,100,1000,1
40,15,25,37.5,0.578,-1.6009,2.1969,3.7978,0.1465,0.1519,24,16,0.1678,-1.7687,1,39,0,0,360,60,200,100,500,1
79,36,43,45.6,0.575,-1.7362,2.3525,4.0887,0.0653,0.0951,69,10,-1.1542,-0.582,0,79,0,0,180,30,50,0,0,1
79,36,43,45.6,0.575,-1.7362,2.3525,4.0887,0.0653,0.0951,69,10,-1.1542,-0.582,0,79,0,0,180,30,50,0,300,1
79,36,43,45.6,0.575,-1.7362,2.3525,4.0887,0.0653,0.0951,69,10,-1.1542,-0.582,0,79,0,0,180,30,50,0,500,1
79,36,43,45.6,0.575,-1.7362,2.3525,4.0887,0.0653,0.0951,69,10,-1.1542,-0.582,0,79,0,0,180,30,50,0,1000,1
79,36,43,45.6,0.575,-1.7362,2.3525,4.0887,0.0653,0.0951,69,10,-1.1542,-0.582,0,79,0,0,180,30,50,100,0,1
79,36,43,45.6,0.575,-1.7362,2.3525,4.0887,0.0653,0.0951,69,10,-1.1542,-0.582,0,79,0,0,180,30,50,100,300,1
79,36,43,45.6,0.575,-1.7362,2.3525,4.0887,0.0653,0.0951,69,10,-1.1542,-0.582,0,79,0,0,180,30,50,100,500,1
79,36,43,45.6,0.575,-1.7362,2.3525,4.0887,0.0653,0.0951,69,10,-1.1542,-0.582,0,79,0,0,180,30,50,100,1000,1
79,36,43,45.6,0.575,-1.7362,2.3525,4.0887,0.0653,0.0951,69,10,-1.1542,-0.582,0,79,0,0,180,30,50,200,0,1
79,36,43,45.6,0.575,-1.7362,2.3525,4.0887,0.0653,0.0951,69,10,-1.1542,-0.582,0,79,0,0,180,30,50,200,300,1
79,36,43,45.6,0.575,-1.7362,2.3525,4.0887,0.0653,0.0951,69,10,-1.1542,-0.582,0,79,0,0,180,30,50,200,500,1
79,36,43,45.6,0.575,-1.7362,2.3525,4.0887,0.0653,0.0951,69,10,-1.1542,-0.582,0,79,0,0,180,30,50,200,1000,1
40,19,21,47.5,0.575,-1.6888,2.2815,3.9703,0.1201,0.1891,24,16,-0.1629,-1.5259,0,40,0,0,360,60,200,0,0,1
40,19,21,47.5,0.575,-1.6888,2.2815,3.9703,0.1201,0.1891,24,16,-0.1629,-1.5259,0,40,0,0,360,60,200,0,1000,1
40,19,21,47.5,0.575,-1.6888,2.2815,3.9703,0.1201,0.1891,24,16,-0.1629,-1.5259,0,40,0,0,360,60,200,200,0,1
40,19,21,47.5,0.575,-1.6888,2.2815,3.9703,0.1201,0.1891,24,16,-0.1629,-1.5259,0,40,0,0,360,60,200,200,1000,1
80,33,47,41.2,0.569,-2.3387,3.0931,5.4318,0.0937,0.1156,72,8,-1.5021,-0.8366,2,78,0,0,180,15,100,0,300,1
80,33,47,41.2,0.569,-2.3387,3.0931,5.4318,0.0937,0.1156,72,8,-1.5021,-0.8366,2,78,0,0,180,15,100,100,300,1
80,33,47,41.2,0.569,-2.3387,3.0931,5.4318,0.0937,0.1156,72,8,-1.5021,-0.8366,2,78,0,0,180,15,100,200,300,1
74,29,45,39.2,0.568,-2.1647,2.8495,5.0142,0.0983,0.1114,54,20,-1.0892,-1.0755,2,72,0,0,240,15,100,0,300,1
74,29,45,39.2,0.568,-2.1647,2.8495,5.0142,0.0983,0.1114,54,20,-1.0892,-1.0755,2,72,0,0,240,15,100,100,300,1
74,29,45,39.2,0.568,-2.1647,2.8495,5.0142,0.0983,0.1114,54,20,-1.0892,-1.0755,2,72,0,0,240,15,100,200,300,1
68,28,40,41.2,0.566,-1.5182,1.978,3.4962,0.0706,0.0874,48,20,-0.5454,-0.9728,0,68,0,0,240,30,50,0,0,1
68,28,40,41.2,0.566,-1.5182,1.978,3.4962,0.0706,0.0874,48,20,-0.5454,-0.9728,0,68,0,0,240,30,50,0,300,1
68,28,40,41.2,0.566,-1.5182,1.978,3.4962,0.0706,0.0874,48,20,-0.5454,-0.9728,0,68,0,0,240,30,50,0,500,1
68,28,40,41.2,0.566,-1.5182,1.978,3.4962,0.0706,0.0874,48,20,-0.5454,-0.9728,0,68,0,0,240,30,50,0,1000,1
68,28,40,41.2,0.566,-1.5182,1.978,3.4962,0.0706,0.0874,48,20,-0.5454,-0.9728,0,68,0,0,240,30,50,100,0,1
68,28,40,41.2,0.566,-1.5182,1.978,3.4962,0.0706,0.0874,48,20,-0.5454,-0.9728,0,68,0,0,240,30,50,100,300,1
68,28,40,41.2,0.566,-1.5182,1.978,3.4962,0.0706,0.0874,48,20,-0.5454,-0.9728,0,68,0,0,240,30,50,100,500,1
68,28,40,41.2,0.566,-1.5182,1.978,3.4962,0.0706,0.0874,48,20,-0.5454,-0.9728,0,68,0,0,240,30,50,100,1000,1
68,28,40,41.2,0.566,-1.5182,1.978,3.4962,0.0706,0.0874,48,20,-0.5454,-0.9728,0,68,0,0,240,30,50,200,0,1
68,28,40,41.2,0.566,-1.5182,1.978,3.4962,0.0706,0.0874,48,20,-0.5454,-0.9728,0,68,0,0,240,30,50,200,300,1
68,28,40,41.2,0.566,-1.5182,1.978,3.4962,0.0706,0.0874,48,20,-0.5454,-0.9728,0,68,0,0,240,30,50,200,500,1
68,28,40,41.2,0.566,-1.5182,1.978,3.4962,0.0706,0.0874,48,20,-0.5454,-0.9728,0,68,0,0,240,30,50,200,1000,1
90,20,70,22.2,0.559,-4.3354,5.4984,9.8338,0.2749,0.1405,89,1,-4.3354,0.0,0,78,12,0,60,15,300,100,0,1
90,20,70,22.2,0.559,-4.3354,5.4984,9.8338,0.2749,0.1405,89,1,-4.3354,0.0,0,78,12,0,60,15,300,100,1000,1
51,22,29,43.1,0.552,-2.3133,2.8455,5.1588,0.1293,0.1779,29,22,-0.8783,-1.435,1,49,1,0,360,30,200,0,500,1
51,22,29,43.1,0.552,-2.3133,2.8455,5.1588,0.1293,0.1779,29,22,-0.8783,-1.435,1,49,1,0,360,30,200,200,500,1
80,33,47,41.2,0.547,-2.4582,2.9736,5.4318,0.0901,0.1156,72,8,-1.6216,-0.8366,0,80,0,0,180,15,100,0,0,1
80,33,47,41.2,0.547,-2.4582,2.9736,5.4318,0.0901,0.1156,72,8,-1.6216,-0.8366,0,80,0,0,180,15,100,0,500,1
80,33,47,41.2,0.547,-2.4582,2.9736,5.4318,0.0901,0.1156,72,8,-1.6216,-0.8366,0,80,0,0,180,15,100,0,1000,1
80,33,47,41.2,0.547,-2.4582,2.9736,5.4318,0.0901,0.1156,72,8,-1.6216,-0.8366,0,80,0,0,180,15,100,100,0,1
80,33,47,41.2,0.547,-2.4582,2.9736,5.4318,0.0901,0.1156,72,8,-1.6216,-0.8366,0,80,0,0,180,15,100,100,500,1
80,33,47,41.2,0.547,-2.4582,2.9736,5.4318,0.0901,0.1156,72,8,-1.6216,-0.8366,0,80,0,0,180,15,100,100,1000,1
80,33,47,41.2,0.547,-2.4582,2.9736,5.4318,0.0901,0.1156,72,8,-1.6216,-0.8366,0,80,0,0,180,15,100,200,0,1
80,33,47,41.2,0.547,-2.4582,2.9736,5.4318,0.0901,0.1156,72,8,-1.6216,-0.8366,0,80,0,0,180,15,100,200,500,1
80,33,47,41.2,0.547,-2.4582,2.9736,5.4318,0.0901,0.1156,72,8,-1.6216,-0.8366,0,80,0,0,180,15,100,200,1000,1
90,27,63,30.0,0.542,-4.5404,5.3627,9.9031,0.1986,0.1572,87,3,-3.744,-0.7964,0,83,7,0,60,30,200,100,0,1
90,27,63,30.0,0.542,-4.5404,5.3627,9.9031,0.1986,0.1572,87,3,-3.744,-0.7964,0,83,7,0,60,30,200,100,1000,1
74,29,45,39.2,0.542,-2.2962,2.718,5.0142,0.0937,0.1114,54,20,-1.2207,-1.0755,0,74,0,0,240,15,100,0,0,1
74,29,45,39.2,0.542,-2.2962,2.718,5.0142,0.0937,0.1114,54,20,-1.2207,-1.0755,0,74,0,0,240,15,100,0,500,1
74,29,45,39.2,0.542,-2.2962,2.718,5.0142,0.0937,0.1114,54,20,-1.2207,-1.0755,0,74,0,0,240,15,100,0,1000,1
74,29,45,39.2,0.542,-2.2962,2.718,5.0142,0.0937,0.1114,54,20,-1.2207,-1.0755,0,74,0,0,240,15,100,100,0,1
74,29,45,39.2,0.542,-2.2962,2.718,5.0142,0.0937,0.1114,54,20,-1.2207,-1.0755,0,74,0,0,240,15,100,100,500,1
74,29,45,39.2,0.542,-2.2962,2.718,5.0142,0.0937,0.1114,54,20,-1.2207,-1.0755,0,74,0,0,240,15,100,100,1000,1
74,29,45,39.2,0.542,-2.2962,2.718,5.0142,0.0937,0.1114,54,20,-1.2207,-1.0755,0,74,0,0,240,15,100,200,0,1
74,29,45,39.2,0.542,-2.2962,2.718,5.0142,0.0937,0.1114,54,20,-1.2207,-1.0755,0,74,0,0,240,15,100,200,500,1
74,29,45,39.2,0.542,-2.2962,2.718,5.0142,0.0937,0.1114,54,20,-1.2207,-1.0755,0,74,0,0,240,15,100,200,1000,1
88,31,57,35.2,0.534,-2.6947,3.0919,5.7866,0.0997,0.1015,79,9,-3.0401,0.3454,2,86,0,0,120,15,100,0,300,1
88,31,57,35.2,0.534,-2.6947,3.0919,5.7866,0.0997,0.1015,79,9,-3.0401,0.3454,2,86,0,0,120,15,100,100,300,1
88,31,57,35.2,0.534,-2.6947,3.0919,5.7866,0.0997,0.1015,79,9,-3.0401,0.3454,2,86,0,0,120,15,100,200,300,1
82,26,56,31.7,0.533,-3.6154,4.1206,7.736,0.1585,0.1381,73,9,-2.6978,-0.9176,0,80,2,0,180,5,200,100,0,1
82,26,56,31.7,0.533,-3.6154,4.1206,7.736,0.1585,0.1381,73,9,-2.6978,-0.9176,0,80,2,0,180,5,200,100,1000,1
88,19,69,21.6,0.532,-4.9756,5.6669,10.6425,0.2983,0.1542,81,7,-5.1086,0.133,8,77,2,1,120,5,300,100,500,1
88,31,57,35.2,0.532,-2.7067,3.0799,5.7866,0.0994,0.1015,79,9,-3.1151,0.4084,0,87,1,0,120,15,100,0,0,1
88,31,57,35.2,0.532,-2.7067,3.0799,5.7866,0.0994,0.1015,79,9,-3.1151,0.4084,0,87,1,0,120,15,100,0,500,1
88,31,57,35.2,0.532,-2.7067,3.0799,5.7866,0.0994,0.1015,79,9,-3.1151,0.4084,0,87,1,0,120,15,100,0,1000,1
88,31,57,35.2,0.532,-2.7067,3.0799,5.7866,0.0994,0.1015,79,9,-3.1151,0.4084,0,87,1,0,120,15,100,100,0,1
88,31,57,35.2,0.532,-2.7067,3.0799,5.7866,0.0994,0.1015,79,9,-3.1151,0.4084,0,87,1,0,120,15,100,100,500,1
88,31,57,35.2,0.532,-2.7067,3.0799,5.7866,0.0994,0.1015,79,9,-3.1151,0.4084,0,87,1,0,120,15,100,100,1000,1
88,31,57,35.2,0.532,-2.7067,3.0799,5.7866,0.0994,0.1015,79,9,-3.1151,0.4084,0,87,1,0,120,15,100,200,0,1
88,31,57,35.2,0.532,-2.7067,3.0799,5.7866,0.0994,0.1015,79,9,-3.1151,0.4084,0,87,1,0,120,15,100,200,500,1
88,31,57,35.2,0.532,-2.7067,3.0799,5.7866,0.0994,0.1015,79,9,-3.1151,0.4084,0,87,1,0,120,15,100,200,1000,1
40,15,25,37.5,0.529,-1.7874,2.0104,3.7978,0.134,0.1519,24,16,-0.0187,-1.7687,0,40,0,0,360,60,200,100,0,1
40,15,25,37.5,0.529,-1.7874,2.0104,3.7978,0.134,0.1519,24,16,-0.0187,-1.7687,0,40,0,0,360,60,200,100,1000,1
51,18,33,35.3,0.526,-2.3367,2.5929,4.9296,0.144,0.1494,29,22,-0.6774,-1.6593,1,49,1,0,360,30,200,100,500,1
90,24,66,26.7,0.517,-5.3251,5.7111,11.0362,0.238,0.1672,89,1,-5.1263,-0.1988,14,73,3,0,60,5,200,0,300,1
90,24,66,26.7,0.517,-5.3251,5.7111,11.0362,0.238,0.1672,89,1,-5.1263,-0.1988,14,73,3,0,60,5,200,200,300,1
68,26,42,38.2,0.516,-2.3607,2.5131,4.8738,0.0967,0.116,48,20,-0.7374,-1.6233,2,66,0,0,240,30,100,0,300,1
68,26,42,38.2,0.516,-2.3607,2.5131,4.8738,0.0967,0.116,48,20,-0.7374,-1.6233,2,66,0,0,240,30,100,100,300,1
68,26,42,38.2,0.516,-2.3607,2.5131,4.8738,0.0967,0.116,48,20,-0.7374,-1.6233,2,66,0,0,240,30,100,200,300,1
88,32,56,36.4,0.515,-3.0647,3.2503,6.315,0.1016,0.1128,81,7,-3.1867,0.122,2,86,0,0,120,5,100,0,300,1
88,32,56,36.4,0.515,-3.0647,3.2503,6.315,0.1016,0.1128,81,7,-3.1867,0.122,2,86,0,0,120,5,100,100,300,1
88,32,56,36.4,0.515,-3.0647,3.2503,6.315,0.1016,0.1128,81,7,-3.1867,0.122,2,86,0,0,120,5,100,200,300,1
88,25,63,28.4,0.515,-4.7401,5.0319,9.772,0.2013,0.1551,81,7,-4.8851,0.145,4,83,1,0,120,5,200,100,500,1
51,22,29,43.1,0.515,-2.4998,2.659,5.1588,0.1209,0.1779,29,22,-1.0648,-1.435,0,50,1,0,360,30,200,0,0,1
51,22,29,43.1,0.515,-2.4998,2.659,5.1588,0.1209,0.1779,29,22,-1.0648,-1.435,0,50,1,0,360,30,200,0,1000,1
51,22,29,43.1,0.515,-2.4998,2.659,5.1588,0.1209,0.1779,29,22,-1.0648,-1.435,0,50,1,0,360,30,200,200,0,1
51,22,29,43.1,0.515,-2.4998,2.659,5.1588,0.1209,0.1779,29,22,-1.0648,-1.435,0,50,1,0,360,30,200,200,1000,1
88,32,56,36.4,0.513,-3.0767,3.2383,6.315,0.1012,0.1128,81,7,-3.2617,0.185,0,87,1,0,120,5,100,0,0,1
88,32,56,36.4,0.513,-3.0767,3.2383,6.315,0.1012,0.1128,81,7,-3.2617,0.185,0,87,1,0,120,5,100,0,500,1
88,32,56,36.4,0.513,-3.0767,3.2383,6.315,0.1012,0.1128,81,7,-3.2617,0.185,0,87,1,0,120,5,100,0,1000,1
88,32,56,36.4,0.513,-3.0767,3.2383,6.315,0.1012,0.1128,81,7,-3.2617,0.185,0,87,1,0,120,5,100,100,0,1
88,32,56,36.4,0.513,-3.0767,3.2383,6.315,0.1012,0.1128,81,7,-3.2617,0.185,0,87,1,0,120,5,100,100,500,1
88,32,56,36.4,0.513,-3.0767,3.2383,6.315,0.1012,0.1128,81,7,-3.2617,0.185,0,87,1,0,120,5,100,100,1000,1
88,32,56,36.4,0.513,-3.0767,3.2383,6.315,0.1012,0.1128,81,7,-3.2617,0.185,0,87,1,0,120,5,100,200,0,1
88,32,56,36.4,0.513,-3.0767,3.2383,6.315,0.1012,0.1128,81,7,-3.2617,0.185,0,87,1,0,120,5,100,200,500,1
88,32,56,36.4,0.513,-3.0767,3.2383,6.315,0.1012,0.1128,81,7,-3.2617,0.185,0,87,1,0,120,5,100,200,1000,1
90,26,64,28.9,0.512,-5.3739,5.6336,11.0075,0.2167,0.172,89,1,-5.1751,-0.1988,2,79,9,0,60,5,200,0,500,1
90,26,64,28.9,0.512,-5.3739,5.6336,11.0075,0.2167,0.172,89,1,-5.1751,-0.1988,2,79,9,0,60,5,200,200,500,1
88,18,70,20.5,0.509,-4.7219,4.9005,9.6224,0.2722,0.1375,79,9,-4.9731,0.2512,15,72,0,1,120,15,300,100,300,1
80,35,45,43.8,0.503,-2.0377,2.0651,4.1028,0.059,0.0912,72,8,-1.4066,-0.6311,0,80,0,0,180,15,50,0,0,1
80,35,45,43.8,0.503,-2.0377,2.0651,4.1028,0.059,0.0912,72,8,-1.4066,-0.6311,0,80,0,0,180,15,50,0,300,1
80,35,45,43.8,0.503,-2.0377,2.0651,4.1028,0.059,0.0912,72,8,-1.4066,-0.6311,0,80,0,0,180,15,50,0,500,1
80,35,45,43.8,0.503,-2.0377,2.0651,4.1028,0.059,0.0912,72,8,-1.4066,-0.6311,0,80,0,0,180,15,50,0,1000,1
80,35,45,43.8,0.503,-2.0377,2.0651,4.1028,0.059,0.0912,72,8,-1.4066,-0.6311,0,80,0,0,180,15,50,100,0,1
80,35,45,43.8,0.503,-2.0377,2.0651,4.1028,0.059,0.0912,72,8,-1.4066,-0.6311,0,80,0,0,180,15,50,100,300,1
80,35,45,43.8,0.503,-2.0377,2.0651,4.1028,0.059,0.0912,72,8,-1.4066,-0.6311,0,80,0,0,180,15,50,100,500,1
80,35,45,43.8,0.503,-2.0377,2.0651,4.1028,0.059,0.0912,72,8,-1.4066,-0.6311,0,80,0,0,180,15,50,100,1000,1
80,35,45,43.8,0.503,-2.0377,2.0651,4.1028,0.059,0.0912,72,8,-1.4066,-0.6311,0,80,0,0,180,15,50,200,0,1
80,35,45,43.8,0.503,-2.0377,2.0651,4.1028,0.059,0.0912,72,8,-1.4066,-0.6311,0,80,0,0,180,15,50,200,300,1
80,35,45,43.8,0.503,-2.0377,2.0651,4.1028,0.059,0.0912,72,8,-1.4066,-0.6311,0,80,0,0,180,15,50,200,500,1
80,35,45,43.8,0.503,-2.0377,2.0651,4.1028,0.059,0.0912,72,8,-1.4066,-0.6311,0,80,0,0,180,15,50,200,1000,1
90,26,64,28.9,0.498,-5.5299,5.4776,11.0075,0.2107,0.172,89,1,-5.3311,-0.1988,0,80,10,0,60,5,200,0,0,1
90,26,64,28.9,0.498,-5.5299,5.4776,11.0075,0.2107,0.172,89,1,-5.3311,-0.1988,0,80,10,0,60,5,200,0,1000,1
90,26,64,28.9,0.498,-5.5299,5.4776,11.0075,0.2107,0.172,89,1,-5.3311,-0.1988,0,80,10,0,60,5,200,200,0,1
90,26,64,28.9,0.498,-5.5299,5.4776,11.0075,0.2107,0.172,89,1,-5.3311,-0.1988,0,80,10,0,60,5,200,200,1000,1
68,26,42,38.2,0.489,-2.4922,2.3816,4.8738,0.0916,0.116,48,20,-0.8689,-1.6233,0,68,0,0,240,30,100,0,0,1
68,26,42,38.2,0.489,-2.4922,2.3816,4.8738,0.0916,0.116,48,20,-0.8689,-1.6233,0,68,0,0,240,30,100,0,500,1
68,26,42,38.2,0.489,-2.4922,2.3816,4.8738,0.0916,0.116,48,20,-0.8689,-1.6233,0,68,0,0,240,30,100,0,1000,1
68,26,42,38.2,0.489,-2.4922,2.3816,4.8738,0.0916,0.116,48,20,-0.8689,-1.6233,0,68,0,0,240,30,100,100,0,1
68,26,42,38.2,0.489,-2.4922,2.3816,4.8738,0.0916,0.116,48,20,-0.8689,-1.6233,0,68,0,0,240,30,100,100,500,1
68,26,42,38.2,0.489,-2.4922,2.3816,4.8738,0.0916,0.116,48,20,-0.8689,-1.6233,0,68,0,0,240,30,100,100,1000,1
68,26,42,38.2,0.489,-2.4922,2.3816,4.8738,0.0916,0.116,48,20,-0.8689,-1.6233,0,68,0,0,240,30,100,200,0,1
68,26,42,38.2,0.489,-2.4922,2.3816,4.8738,0.0916,0.116,48,20,-0.8689,-1.6233,0,68,0,0,240,30,100,200,500,1
68,26,42,38.2,0.489,-2.4922,2.3816,4.8738,0.0916,0.116,48,20,-0.8689,-1.6233,0,68,0,0,240,30,100,200,1000,1
51,18,33,35.3,0.488,-2.5232,2.4064,4.9296,0.1337,0.1494,29,22,-0.8639,-1.6593,0,50,1,0,360,30,200,100,0,1
51,18,33,35.3,0.488,-2.5232,2.4064,4.9296,0.1337,0.1494,29,22,-0.8639,-1.6593,0,50,1,0,360,30,200,100,1000,1
82,35,47,42.7,0.485,-2.2027,2.0739,4.2766,0.0593,0.091,73,9,-1.7169,-0.4858,0,82,0,0,180,5,50,0,0,1
82,35,47,42.7,0.485,-2.2027,2.0739,4.2766,0.0593,0.091,73,9,-1.7169,-0.4858,0,82,0,0,180,5,50,0,300,1
82,35,47,42.7,0.485,-2.2027,2.0739,4.2766,0.0593,0.091,73,9,-1.7169,-0.4858,0,82,0,0,180,5,50,0,500,1
82,35,47,42.7,0.485,-2.2027,2.0739,4.2766,0.0593,0.091,73,9,-1.7169,-0.4858,0,82,0,0,180,5,50,0,1000,1
82,35,47,42.7,0.485,-2.2027,2.0739,4.2766,0.0593,0.091,73,9,-1.7169,-0.4858,0,82,0,0,180,5,50,100,0,1
82,35,47,42.7,0.485,-2.2027,2.0739,4.2766,0.0593,0.091,73,9,-1.7169,-0.4858,0,82,0,0,180,5,50,100,300,1
82,35,47,42.7,0.485,-2.2027,2.0739,4.2766,0.0593,0.091,73,9,-1.7169,-0.4858,0,82,0,0,180,5,50,100,500,1
82,35,47,42.7,0.485,-2.2027,2.0739,4.2766,0.0593,0.091,73,9,-1.7169,-0.4858,0,82,0,0,180,5,50,100,1000,1
82,35,47,42.7,0.485,-2.2027,2.0739,4.2766,0.0593,0.091,73,9,-1.7169,-0.4858,0,82,0,0,180,5,50,200,0,1
82,35,47,42.7,0.485,-2.2027,2.0739,4.2766,0.0593,0.091,73,9,-1.7169,-0.4858,0,82,0,0,180,5,50,200,300,1
82,35,47,42.7,0.485,-2.2027,2.0739,4.2766,0.0593,0.091,73,9,-1.7169,-0.4858,0,82,0,0,180,5,50,200,500,1
82,35,47,42.7,0.485,-2.2027,2.0739,4.2766,0.0593,0.091,73,9,-1.7169,-0.4858,0,82,0,0,180,5,50,200,1000,1
90,18,72,20.0,0.474,-6.0374,5.4308,11.4682,0.3017,0.1593,89,1,-6.0374,0.0,14,72,4,0,60,5,300,100,300,1
90,33,57,36.7,0.474,-3.5497,3.1963,6.746,0.0969,0.1184,87,3,-3.0503,-0.4994,3,87,0,0,60,30,100,0,300,1
90,33,57,36.7,0.474,-3.5497,3.1963,6.746,0.0969,0.1184,87,3,-3.0503,-0.4994,3,87,0,0,60,30,100,200,300,1
90,33,57,36.7,0.472,-3.5642,3.1818,6.746,0.0964,0.1184,87,3,-3.0648,-0.4994,3,87,0,0,60,30,100,100,300,1
90,18,72,20.0,0.461,-6.1824,5.2858,11.4682,0.2937,0.1593,89,1,-6.1824,0.0,3,77,10,0,60,5,300,100,500,1
88,25,63,28.4,0.458,-5.2946,4.4774,9.772,0.1791,0.1551,81,7,-5.3766,0.082,10,78,0,0,120,5,200,100,300,1
77,29,48,37.7,0.453,-3.0336,2.5103,5.5439,0.0866,0.1155,58,19,-1.9434,-1.0902,2,75,0,0,240,5,100,0,300,1
77,29,48,37.7,0.453,-3.0336,2.5103,5.5439,0.0866,0.1155,58,19,-1.9434,-1.0902,2,75,0,0,240,5,100,100,300,1
77,29,48,37.7,0.453,-3.0336,2.5103,5.5439,0.0866,0.1155,58,19,-1.9434,-1.0902,2,75,0,0,240,5,100,200,300,1
88,25,63,28.4,0.452,-5.3305,4.391,9.7215,0.1756,0.1543,81,7,-5.4755,0.145,0,86,2,0,120,5,200,100,0,1
88,25,63,28.4,0.452,-5.3305,4.391,9.7215,0.1756,0.1543,81,7,-5.4755,0.145,0,86,2,0,120,5,200,100,1000,1
88,36,52,40.9,0.452,-2.1537,1.7776,3.9313,0.0494,0.0756,79,9,-2.2801,0.1264,0,88,0,0,120,15,50,0,0,1
88,36,52,40.9,0.452,-2.1537,1.7776,3.9313,0.0494,0.0756,79,9,-2.2801,0.1264,0,88,0,0,120,15,50,0,300,1
88,36,52,40.9,0.452,-2.1537,1.7776,3.9313,0.0494,0.0756,79,9,-2.2801,0.1264,0,88,0,0,120,15,50,0,500,1
88,36,52,40.9,0.452,-2.1537,1.7776,3.9313,0.0494,0.0756,79,9,-2.2801,0.1264,0,88,0,0,120,15,50,0,1000,1
88,36,52,40.9,0.452,-2.1537,1.7776,3.9313,0.0494,0.0756,79,9,-2.2801,0.1264,0,88,0,0,120,15,50,100,0,1
88,36,52,40.9,0.452,-2.1537,1.7776,3.9313,0.0494,0.0756,79,9,-2.2801,0.1264,0,88,0,0,120,15,50,100,300,1
88,36,52,40.9,0.452,-2.1537,1.7776,3.9313,0.0494,0.0756,79,9,-2.2801,0.1264,0,88,0,0,120,15,50,100,500,1
88,36,52,40.9,0.452,-2.1537,1.7776,3.9313,0.0494,0.0756,79,9,-2.2801,0.1264,0,88,0,0,120,15,50,100,1000,1
88,36,52,40.9,0.452,-2.1537,1.7776,3.9313,0.0494,0.0756,79,9,-2.2801,0.1264,0,88,0,0,120,15,50,200,0,1
88,36,52,40.9,0.452,-2.1537,1.7776,3.9313,0.0494,0.0756,79,9,-2.2801,0.1264,0,88,0,0,120,15,50,200,300,1
88,36,52,40.9,0.452,-2.1537,1.7776,3.9313,0.0494,0.0756,79,9,-2.2801,0.1264,0,88,0,0,120,15,50,200,500,1
88,36,52,40.9,0.452,-2.1537,1.7776,3.9313,0.0494,0.0756,79,9,-2.2801,0.1264,0,88,0,0,120,15,50,200,1000,1
90,33,57,36.7,0.449,-3.7415,3.0518,6.7933,0.0925,0.1192,87,3,-3.2421,-0.4994,0,90,0,0,60,30,100,0,0,1
90,33,57,36.7,0.449,-3.7415,3.0518,6.7933,0.0925,0.1192,87,3,-3.2421,-0.4994,0,90,0,0,60,30,100,0,500,1
90,33,57,36.7,0.449,-3.7415,3.0518,6.7933,0.0925,0.1192,87,3,-3.2421,-0.4994,0,90,0,0,60,30,100,0,1000,1
90,33,57,36.7,0.449,-3.7415,3.0518,6.7933,0.0925,0.1192,87,3,-3.2421,-0.4994,0,90,0,0,60,30,100,200,0,1
90,33,57,36.7,0.449,-3.7415,3.0518,6.7933,0.0925,0.1192,87,3,-3.2421,-0.4994,0,90,0,0,60,30,100,200,500,1
90,33,57,36.7,0.449,-3.7415,3.0518,6.7933,0.0925,0.1192,87,3,-3.2421,-0.4994,0,90,0,0,60,30,100,200,1000,1
60,22,38,36.7,0.449,-2.3051,1.879,4.1841,0.0854,0.1101,37,23,-0.511,-1.7941,1,59,0,0,360,15,100,0,300,1
60,22,38,36.7,0.449,-2.3051,1.879,4.1841,0.0854,0.1101,37,23,-0.511,-1.7941,1,59,0,0,360,15,100,100,300,1
60,22,38,36.7,0.449,-2.3051,1.879,4.1841,0.0854,0.1101,37,23,-0.511,-1.7941,1,59,0,0,360,15,100,200,300,1
90,33,57,36.7,0.447,-3.756,3.0373,6.7933,0.092,0.1192,87,3,-3.2566,-0.4994,0,90,0,0,60,30,100,100,0,1
90,33,57,36.7,0.447,-3.756,3.0373,6.7933,0.092,0.1192,87,3,-3.2566,-0.4994,0,90,0,0,60,30,100,100,500,1
90,33,57,36.7,0.447,-3.756,3.0373,6.7933,0.092,0.1192,87,3,-3.2566,-0.4994,0,90,0,0,60,30,100,100,1000,1
87,37,50,42.5,0.447,-2.6825,2.168,4.8505,0.0586,0.097,78,9,-2.7466,0.0641,0,87,0,0,120,30,50,0,0,1
87,37,50,42.5,0.447,-2.6825,2.168,4.8505,0.0586,0.097,78,9,-2.7466,0.0641,0,87,0,0,120,30,50,0,300,1
87,37,50,42.5,0.447,-2.6825,2.168,4.8505,0.0586,0.097,78,9,-2.7466,0.0641,0,87,0,0,120,30,50,0,500,1
87,37,50,42.5,0.447,-2.6825,2.168,4.8505,0.0586,0.097,78,9,-2.7466,0.0641,0,87,0,0,120,30,50,0,1000,1
87,37,50,42.5,0.447,-2.6825,2.168,4.8505,0.0586,0.097,78,9,-2.7466,0.0641,0,87,0,0,120,30,50,100,0,1
87,37,50,42.5,0.447,-2.6825,2.168,4.8505,0.0586,0.097,78,9,-2.7466,0.0641,0,87,0,0,120,30,50,100,300,1
87,37,50,42.5,0.447,-2.6825,2.168,4.8505,0.0586,0.097,78,9,-2.7466,0.0641,0,87,0,0,120,30,50,100,500,1
87,37,50,42.5,0.447,-2.6825,2.168,4.8505,0.0586,0.097,78,9,-2.7466,0.0641,0,87,0,0,120,30,50,100,1000,1
87,37,50,42.5,0.447,-2.6825,2.168,4.8505,0.0586,0.097,78,9,-2.7466,0.0641,0,87,0,0,120,30,50,200,0,1
87,37,50,42.5,0.447,-2.6825,2.168,4.8505,0.0586,0.097,78,9,-2.7466,0.0641,0,87,0,0,120,30,50,200,300,1
87,37,50,42.5,0.447,-2.6825,2.168,4.8505,0.0586,0.097,78,9,-2.7466,0.0641,0,87,0,0,120,30,50,200,500,1
87,37,50,42.5,0.447,-2.6825,2.168,4.8505,0.0586,0.097,78,9,-2.7466,0.0641,0,87,0,0,120,30,50,200,1000,1
40,18,22,45.0,0.44,-1.2088,0.9496,2.1584,0.0528,0.0981,24,16,0.1776,-1.3864,0,40,0,0,360,60,50,0,0,1
40,18,22,45.0,0.44,-1.2088,0.9496,2.1584,0.0528,0.0981,24,16,0.1776,-1.3864,0,40,0,0,360,60,50,0,300,1
40,18,22,45.0,0.44,-1.2088,0.9496,2.1584,0.0528,0.0981,24,16,0.1776,-1.3864,0,40,0,0,360,60,50,0,500,1
40,18,22,45.0,0.44,-1.2088,0.9496,2.1584,0.0528,0.0981,24,16,0.1776,-1.3864,0,40,0,0,360,60,50,0,1000,1
40,18,22,45.0,0.44,-1.2088,0.9496,2.1584,0.0528,0.0981,24,16,0.1776,-1.3864,0,40,0,0,360,60,50,100,0,1
40,18,22,45.0,0.44,-1.2088,0.9496,2.1584,0.0528,0.0981,24,16,0.1776,-1.3864,0,40,0,0,360,60,50,100,300,1
40,18,22,45.0,0.44,-1.2088,0.9496,2.1584,0.0528,0.0981,24,16,0.1776,-1.3864,0,40,0,0,360,60,50,100,500,1
40,18,22,45.0,0.44,-1.2088,0.9496,2.1584,0.0528,0.0981,24,16,0.1776,-1.3864,0,40,0,0,360,60,50,100,1000,1
40,18,22,45.0,0.44,-1.2088,0.9496,2.1584,0.0528,0.0981,24,16,0.1776,-1.3864,0,40,0,0,360,60,50,200,0,1
40,18,22,45.0,0.44,-1.2088,0.9496,2.1584,0.0528,0.0981,24,16,0.1776,-1.3864,0,40,0,0,360,60,50,200,300,1
40,18,22,45.0,0.44,-1.2088,0.9496,2.1584,0.0528,0.0981,24,16,0.1776,-1.3864,0,40,0,0,360,60,50,200,500,1
40,18,22,45.0,0.44,-1.2088,0.9496,2.1584,0.0528,0.0981,24,16,0.1776,-1.3864,0,40,0,0,360,60,50,200,1000,1
88,18,70,20.5,0.439,-5.9724,4.6701,10.6425,0.2594,0.152,81,7,-6.0424,0.07,14,73,0,1,120,5,300,100,300,1
60,21,39,35.0,0.438,-2.5166,1.9589,4.4755,0.0933,0.1148,40,20,-0.7881,-1.7285,1,59,0,0,360,5,100,0,300,1
60,21,39,35.0,0.438,-2.5166,1.9589,4.4755,0.0933,0.1148,40,20,-0.7881,-1.7285,1,59,0,0,360,5,100,100,300,1
60,21,39,35.0,0.438,-2.5166,1.9589,4.4755,0.0933,0.1148,40,20,-0.7881,-1.7285,1,59,0,0,360,5,100,200,300,1
88,18,70,20.5,0.435,-6.1725,4.7432,10.9157,0.2635,0.1559,81,7,-6.3055,0.133,0,81,6,1,120,5,300,100,0,1
88,18,70,20.5,0.435,-6.1725,4.7432,10.9157,0.2635,0.1559,81,7,-6.3055,0.133,0,81,6,1,120,5,300,100,1000,1
83,33,50,39.8,0.434,-2.5315,1.943,4.4745,0.0589,0.0895,70,13,-2.2041,-0.3274,0,83,0,0,120,60,50,0,0,1
83,33,50,39.8,0.434,-2.5315,1.943,4.4745,0.0589,0.0895,70,13,-2.2041,-0.3274,0,83,0,0,120,60,50,0,300,1
83,33,50,39.8,0.434,-2.5315,1.943,4.4745,0.0589,0.0895,70,13,-2.2041,-0.3274,0,83,0,0,120,60,50,0,500,1
83,33,50,39.8,0.434,-2.5315,1.943,4.4745,0.0589,0.0895,70,13,-2.2041,-0.3274,0,83,0,0,120,60,50,0,1000,1
83,33,50,39.8,0.434,-2.5315,1.943,4.4745,0.0589,0.0895,70,13,-2.2041,-0.3274,0,83,0,0,120,60,50,100,0,1
83,33,50,39.8,0.434,-2.5315,1.943,4.4745,0.0589,0.0895,70,13,-2.2041,-0.3274,0,83,0,0,120,60,50,100,300,1
83,33,50,39.8,0.434,-2.5315,1.943,4.4745,0.0589,0.0895,70,13,-2.2041,-0.3274,0,83,0,0,120,60,50,100,500,1
83,33,50,39.8,0.434,-2.5315,1.943,4.4745,0.0589,0.0895,70,13,-2.2041,-0.3274,0,83,0,0,120,60,50,100,1000,1
83,33,50,39.8,0.434,-2.5315,1.943,4.4745,0.0589,0.0895,70,13,-2.2041,-0.3274,0,83,0,0,120,60,50,200,0,1
83,33,50,39.8,0.434,-2.5315,1.943,4.4745,0.0589,0.0895,70,13,-2.2041,-0.3274,0,83,0,0,120,60,50,200,300,1
83,33,50,39.8,0.434,-2.5315,1.943,4.4745,0.0589,0.0895,70,13,-2.2041,-0.3274,0,83,0,0,120,60,50,200,500,1
83,33,50,39.8,0.434,-2.5315,1.943,4.4745,0.0589,0.0895,70,13,-2.2041,-0.3274,0,83,0,0,120,60,50,200,1000,1
60,22,38,36.7,0.434,-2.3666,1.8175,4.1841,0.0826,0.1101,37,23,-0.5725,-1.7941,0,60,0,0,360,15,100,0,0,1
60,22,38,36.7,0.434,-2.3666,1.8175,4.1841,0.0826,0.1101,37,23,-0.5725,-1.7941,0,60,0,0,360,15,100,0,500,1
60,22,38,36.7,0.434,-2.3666,1.8175,4.1841,0.0826,0.1101,37,23,-0.5725,-1.7941,0,60,0,0,360,15,100,0,1000,1
60,22,38,36.7,0.434,-2.3666,1.8175,4.1841,0.0826,0.1101,37,23,-0.5725,-1.7941,0,60,0,0,360,15,100,100,0,1
60,22,38,36.7,0.434,-2.3666,1.8175,4.1841,0.0826,0.1101,37,23,-0.5725,-1.7941,0,60,0,0,360,15,100,100,500,1
60,22,38,36.7,0.434,-2.3666,1.8175,4.1841,0.0826,0.1101,37,23,-0.5725,-1.7941,0,60,0,0,360,15,100,100,1000,1
60,22,38,36.7,0.434,-2.3666,1.8175,4.1841,0.0826,0.1101,37,23,-0.5725,-1.7941,0,60,0,0,360,15,100,200,0,1
60,22,38,36.7,0.434,-2.3666,1.8175,4.1841,0.0826,0.1101,37,23,-0.5725,-1.7941,0,60,0,0,360,15,100,200,500,1
60,22,38,36.7,0.434,-2.3666,1.8175,4.1841,0.0826,0.1101,37,23,-0.5725,-1.7941,0,60,0,0,360,15,100,200,1000,1
77,29,48,37.7,0.429,-3.1651,2.3788,5.5439,0.082,0.1155,58,19,-2.0749,-1.0902,0,77,0,0,240,5,100,0,0,1
77,29,48,37.7,0.429,-3.1651,2.3788,5.5439,0.082,0.1155,58,19,-2.0749,-1.0902,0,77,0,0,240,5,100,0,500,1
77,29,48,37.7,0.429,-3.1651,2.3788,5.5439,0.082,0.1155,58,19,-2.0749,-1.0902,0,77,0,0,240,5,100,0,1000,1
77,29,48,37.7,0.429,-3.1651,2.3788,5.5439,0.082,0.1155,58,19,-2.0749,-1.0902,0,77,0,0,240,5,100,100,0,1
77,29,48,37.7,0.429,-3.1651,2.3788,5.5439,0.082,0.1155,58,19,-2.0749,-1.0902,0,77,0,0,240,5,100,100,500,1
77,29,48,37.7,0.429,-3.1651,2.3788,5.5439,0.082,0.1155,58,19,-2.0749,-1.0902,0,77,0,0,240,5,100,100,1000,1
77,29,48,37.7,0.429,-3.1651,2.3788,5.5439,0.082,0.1155,58,19,-2.0749,-1.0902,0,77,0,0,240,5,100,200,0,1
77,29,48,37.7,0.429,-3.1651,2.3788,5.5439,0.082,0.1155,58,19,-2.0749,-1.0902,0,77,0,0,240,5,100,200,500,1
77,29,48,37.7,0.429,-3.1651,2.3788,5.5439,0.082,0.1155,58,19,-2.0749,-1.0902,0,77,0,0,240,5,100,200,1000,1
88,31,57,35.2,0.426,-2.6692,1.9834,4.6526,0.064,0.0816,81,7,-2.4972,-0.172,0,88,0,0,120,5,50,0,0,1
88,31,57,35.2,0.426,-2.6692,1.9834,4.6526,0.064,0.0816,81,7,-2.4972,-0.172,0,88,0,0,120,5,50,0,300,1
88,31,57,35.2,0.426,-2.6692,1.9834,4.6526,0.064,0.0816,81,7,-2.4972,-0.172,0,88,0,0,120,5,50,0,500,1
88,31,57,35.2,0.426,-2.6692,1.9834,4.6526,0.064,0.0816,81,7,-2.4972,-0.172,0,88,0,0,120,5,50,0,1000,1
88,31,57,35.2,0.426,-2.6692,1.9834,4.6526,0.064,0.0816,81,7,-2.4972,-0.172,0,88,0,0,120,5,50,100,0,1
88,31,57,35.2,0.426,-2.6692,1.9834,4.6526,0.064,0.0816,81,7,-2.4972,-0.172,0,88,0,0,120,5,50,100,300,1
88,31,57,35.2,0.426,-2.6692,1.9834,4.6526,0.064,0.0816,81,7,-2.4972,-0.172,0,88,0,0,120,5,50,100,500,1
88,31,57,35.2,0.426,-2.6692,1.9834,4.6526,0.064,0.0816,81,7,-2.4972,-0.172,0,88,0,0,120,5,50,100,1000,1
88,31,57,35.2,0.426,-2.6692,1.9834,4.6526,0.064,0.0816,81,7,-2.4972,-0.172,0,88,0,0,120,5,50,200,0,1
88,31,57,35.2,0.426,-2.6692,1.9834,4.6526,0.064,0.0816,81,7,-2.4972,-0.172,0,88,0,0,120,5,50,200,300,1
88,31,57,35.2,0.426,-2.6692,1.9834,4.6526,0.064,0.0816,81,7,-2.4972,-0.172,0,88,0,0,120,5,50,200,500,1
88,31,57,35.2,0.426,-2.6692,1.9834,4.6526,0.064,0.0816,81,7,-2.4972,-0.172,0,88,0,0,120,5,50,200,1000,1
60,21,39,35.0,0.424,-2.5781,1.8974,4.4755,0.0904,0.1148,40,20,-0.8496,-1.7285,0,60,0,0,360,5,100,0,0,1
60,21,39,35.0,0.424,-2.5781,1.8974,4.4755,0.0904,0.1148,40,20,-0.8496,-1.7285,0,60,0,0,360,5,100,0,500,1
60,21,39,35.0,0.424,-2.5781,1.8974,4.4755,0.0904,0.1148,40,20,-0.8496,-1.7285,0,60,0,0,360,5,100,0,1000,1
60,21,39,35.0,0.424,-2.5781,1.8974,4.4755,0.0904,0.1148,40,20,-0.8496,-1.7285,0,60,0,0,360,5,100,100,0,1
60,21,39,35.0,0.424,-2.5781,1.8974,4.4755,0.0904,0.1148,40,20,-0.8496,-1.7285,0,60,0,0,360,5,100,100,500,1
60,21,39,35.0,0.424,-2.5781,1.8974,4.4755,0.0904,0.1148,40,20,-0.8496,-1.7285,0,60,0,0,360,5,100,100,1000,1
60,21,39,35.0,0.424,-2.5781,1.8974,4.4755,0.0904,0.1148,40,20,-0.8496,-1.7285,0,60,0,0,360,5,100,200,0,1
60,21,39,35.0,0.424,-2.5781,1.8974,4.4755,0.0904,0.1148,40,20,-0.8496,-1.7285,0,60,0,0,360,5,100,200,500,1
60,21,39,35.0,0.424,-2.5781,1.8974,4.4755,0.0904,0.1148,40,20,-0.8496,-1.7285,0,60,0,0,360,5,100,200,1000,1
90,18,72,20.0,0.419,-6.6574,4.8108,11.4682,0.2673,0.1593,89,1,-6.6574,0.0,0,79,11,0,60,5,300,100,0,1
90,18,72,20.0,0.419,-6.6574,4.8108,11.4682,0.2673,0.1593,89,1,-6.6574,0.0,0,79,11,0,60,5,300,100,1000,1
90,36,54,40.0,0.415,-2.4051,1.7072,4.1123,0.0474,0.0762,89,1,-2.3448,-0.0603,0,90,0,0,60,15,50,0,0,1
90,36,54,40.0,0.415,-2.4051,1.7072,4.1123,0.0474,0.0762,89,1,-2.3448,-0.0603,0,90,0,0,60,15,50,0,300,1
90,36,54,40.0,0.415,-2.4051,1.7072,4.1123,0.0474,0.0762,89,1,-2.3448,-0.0603,0,90,0,0,60,15,50,0,500,1
90,36,54,40.0,0.415,-2.4051,1.7072,4.1123,0.0474,0.0762,89,1,-2.3448,-0.0603,0,90,0,0,60,15,50,0,1000,1
90,36,54,40.0,0.415,-2.4051,1.7072,4.1123,0.0474,0.0762,89,1,-2.3448,-0.0603,0,90,0,0,60,15,50,100,0,1
90,36,54,40.0,0.415,-2.4051,1.7072,4.1123,0.0474,0.0762,89,1,-2.3448,-0.0603,0,90,0,0,60,15,50,100,300,1
90,36,54,40.0,0.415,-2.4051,1.7072,4.1123,0.0474,0.0762,89,1,-2.3448,-0.0603,0,90,0,0,60,15,50,100,500,1
90,36,54,40.0,0.415,-2.4051,1.7072,4.1123,0.0474,0.0762,89,1,-2.3448,-0.0603,0,90,0,0,60,15,50,100,1000,1
90,36,54,40.0,0.415,-2.4051,1.7072,4.1123,0.0474,0.0762,89,1,-2.3448,-0.0603,0,90,0,0,60,15,50,200,0,1
90,36,54,40.0,0.415,-2.4051,1.7072,4.1123,0.0474,0.0762,89,1,-2.3448,-0.0603,0,90,0,0,60,15,50,200,300,1
90,36,54,40.0,0.415,-2.4051,1.7072,4.1123,0.0474,0.0762,89,1,-2.3448,-0.0603,0,90,0,0,60,15,50,200,500,1
90,36,54,40.0,0.415,-2.4051,1.7072,4.1123,0.0474,0.0762,89,1,-2.3448,-0.0603,0,90,0,0,60,15,50,200,1000,1
90,32,58,35.6,0.408,-2.6747,1.8413,4.516,0.0575,0.0779,89,1,-2.6144,-0.0603,0,90,0,0,60,5,50,0,0,1
90,32,58,35.6,0.408,-2.6747,1.8413,4.516,0.0575,0.0779,89,1,-2.6144,-0.0603,0,90,0,0,60,5,50,0,300,1
90,32,58,35.6,0.408,-2.6747,1.8413,4.516,0.0575,0.0779,89,1,-2.6144,-0.0603,0,90,0,0,60,5,50,0,500,1
90,32,58,35.6,0.408,-2.6747,1.8413,4.516,0.0575,0.0779,89,1,-2.6144,-0.0603,0,90,0,0,60,5,50,0,1000,1
90,32,58,35.6,0.408,-2.6747,1.8413,4.516,0.0575,0.0779,89,1,-2.6144,-0.0603,0,90,0,0,60,5,50,100,0,1
90,32,58,35.6,0.408,-2.6747,1.8413,4.516,0.0575,0.0779,89,1,-2.6144,-0.0603,0,90,0,0,60,5,50,100,300,1
90,32,58,35.6,0.408,-2.6747,1.8413,4.516,0.0575,0.0779,89,1,-2.6144,-0.0603,0,90,0,0,60,5,50,100,500,1
90,32,58,35.6,0.408,-2.6747,1.8413,4.516,0.0575,0.0779,89,1,-2.6144,-0.0603,0,90,0,0,60,5,50,100,1000,1
90,32,58,35.6,0.408,-2.6747,1.8413,4.516,0.0575,0.0779,89,1,-2.6144,-0.0603,0,90,0,0,60,5,50,200,0,1
90,32,58,35.6,0.408,-2.6747,1.8413,4.516,0.0575,0.0779,89,1,-2.6144,-0.0603,0,90,0,0,60,5,50,200,300,1
90,32,58,35.6,0.408,-2.6747,1.8413,4.516,0.0575,0.0779,89,1,-2.6144,-0.0603,0,90,0,0,60,5,50,200,500,1
90,32,58,35.6,0.408,-2.6747,1.8413,4.516,0.0575,0.0779,89,1,-2.6144,-0.0603,0,90,0,0,60,5,50,200,1000,1
90,32,58,35.6,0.408,-3.6131,2.4854,6.0985,0.0777,0.1051,89,1,-3.5113,-0.1018,1,89,0,0,60,15,100,0,300,1
90,32,58,35.6,0.408,-3.6131,2.4854,6.0985,0.0777,0.1051,89,1,-3.5113,-0.1018,1,89,0,0,60,15,100,200,300,1
90,20,70,22.2,0.405,-6.2197,4.2317,10.4514,0.2116,0.1493,89,1,-6.0209,-0.1988,2,82,6,0,60,5,200,100,500,1
90,32,58,35.6,0.405,-3.6276,2.4709,6.0985,0.0772,0.1051,89,1,-3.5258,-0.1018,1,89,0,0,60,15,100,100,300,1
60,23,37,38.3,0.402,-1.9101,1.2853,3.1954,0.0559,0.0864,37,23,-0.586,-1.3241,0,60,0,0,360,15,50,0,0,1
60,23,37,38.3,0.402,-1.9101,1.2853,3.1954,0.0559,0.0864,37,23,-0.586,-1.3241,0,60,0,0,360,15,50,0,300,1
60,23,37,38.3,0.402,-1.9101,1.2853,3.1954,0.0559,0.0864,37,23,-0.586,-1.3241,0,60,0,0,360,15,50,0,500,1
60,23,37,38.3,0.402,-1.9101,1.2853,3.1954,0.0559,0.0864,37,23,-0.586,-1.3241,0,60,0,0,360,15,50,0,1000,1
60,23,37,38.3,0.402,-1.9106,1.2848,3.1954,0.0559,0.0864,37,23,-0.5865,-1.3241,0,60,0,0,360,15,50,100,0,1
60,23,37,38.3,0.402,-1.9106,1.2848,3.1954,0.0559,0.0864,37,23,-0.5865,-1.3241,0,60,0,0,360,15,50,100,300,1
60,23,37,38.3,0.402,-1.9106,1.2848,3.1954,0.0559,0.0864,37,23,-0.5865,-1.3241,0,60,0,0,360,15,50,100,500,1
60,23,37,38.3,0.402,-1.9106,1.2848,3.1954,0.0559,0.0864,37,23,-0.5865,-1.3241,0,60,0,0,360,15,50,100,1000,1
60,23,37,38.3,0.402,-1.9101,1.2853,3.1954,0.0559,0.0864,37,23,-0.586,-1.3241,0,60,0,0,360,15,50,200,0,1
60,23,37,38.3,0.402,-1.9101,1.2853,3.1954,0.0559,0.0864,37,23,-0.586,-1.3241,0,60,0,0,360,15,50,200,300,1
60,23,37,38.3,0.402,-1.9101,1.2853,3.1954,0.0559,0.0864,37,23,-0.586,-1.3241,0,60,0,0,360,15,50,200,500,1
60,23,37,38.3,0.402,-1.9101,1.2853,3.1954,0.0559,0.0864,37,23,-0.586,-1.3241,0,60,0,0,360,15,50,200,1000,1
90,32,58,35.6,0.395,-3.6921,2.4064,6.0985,0.0752,0.1051,89,1,-3.5903,-0.1018,0,90,0,0,60,15,100,0,0,1
90,32,58,35.6,0.395,-3.6921,2.4064,6.0985,0.0752,0.1051,89,1,-3.5903,-0.1018,0,90,0,0,60,15,100,0,500,1
90,32,58,35.6,0.395,-3.6921,2.4064,6.0985,0.0752,0.1051,89,1,-3.5903,-0.1018,0,90,0,0,60,15,100,0,1000,1
90,32,58,35.6,0.395,-3.6921,2.4064,6.0985,0.0752,0.1051,89,1,-3.5903,-0.1018,0,90,0,0,60,15,100,200,0,1
90,32,58,35.6,0.395,-3.6921,2.4064,6.0985,0.0752,0.1051,89,1,-3.5903,-0.1018,0,90,0,0,60,15,100,200,500,1
90,32,58,35.6,0.395,-3.6921,2.4064,6.0985,0.0752,0.1051,89,1,-3.5903,-0.1018,0,90,0,0,60,15,100,200,1000,1
90,32,58,35.6,0.392,-3.7066,2.3919,6.0985,0.0747,0.1051,89,1,-3.6048,-0.1018,0,90,0,0,60,15,100,100,0,1
90,32,58,35.6,0.392,-3.7066,2.3919,6.0985,0.0747,0.1051,89,1,-3.6048,-0.1018,0,90,0,0,60,15,100,100,500,1
90,32,58,35.6,0.392,-3.7066,2.3919,6.0985,0.0747,0.1051,89,1,-3.6048,-0.1018,0,90,0,0,60,15,100,100,1000,1
90,20,70,22.2,0.39,-6.3757,4.0757,10.4514,0.2038,0.1493,89,1,-6.1769,-0.1988,0,83,7,0,60,5,200,100,0,1
90,20,70,22.2,0.39,-6.3757,4.0757,10.4514,0.2038,0.1493,89,1,-6.1769,-0.1988,0,83,7,0,60,5,200,100,1000,1
90,35,55,38.9,0.375,-3.109,1.8662,4.9752,0.0533,0.0905,87,3,-2.7511,-0.3579,0,90,0,0,60,30,50,0,0,1
90,35,55,38.9,0.375,-3.109,1.8662,4.9752,0.0533,0.0905,87,3,-2.7511,-0.3579,0,90,0,0,60,30,50,0,300,1
90,35,55,38.9,0.375,-3.109,1.8662,4.9752,0.0533,0.0905,87,3,-2.7511,-0.3579,0,90,0,0,60,30,50,0,500,1
90,35,55,38.9,0.375,-3.109,1.8662,4.9752,0.0533,0.0905,87,3,-2.7511,-0.3579,0,90,0,0,60,30,50,0,1000,1
90,35,55,38.9,0.375,-3.109,1.8662,4.9752,0.0533,0.0905,87,3,-2.7511,-0.3579,0,90,0,0,60,30,50,100,0,1
90,35,55,38.9,0.375,-3.109,1.8662,4.9752,0.0533,0.0905,87,3,-2.7511,-0.3579,0,90,0,0,60,30,50,100,300,1
90,35,55,38.9,0.375,-3.109,1.8662,4.9752,0.0533,0.0905,87,3,-2.7511,-0.3579,0,90,0,0,60,30,50,100,500,1
90,35,55,38.9,0.375,-3.109,1.8662,4.9752,0.0533,0.0905,87,3,-2.7511,-0.3579,0,90,0,0,60,30,50,100,1000,1
90,35,55,38.9,0.375,-3.109,1.8662,4.9752,0.0533,0.0905,87,3,-2.7511,-0.3579,0,90,0,0,60,30,50,200,0,1
90,35,55,38.9,0.375,-3.109,1.8662,4.9752,0.0533,0.0905,87,3,-2.7511,-0.3579,0,90,0,0,60,30,50,200,300,1
90,35,55,38.9,0.375,-3.109,1.8662,4.9752,0.0533,0.0905,87,3,-2.7511,-0.3579,0,90,0,0,60,30,50,200,500,1
90,35,55,38.9,0.375,-3.109,1.8662,4.9752,0.0533,0.0905,87,3,-2.7511,-0.3579,0,90,0,0,60,30,50,200,1000,1
90,20,70,22.2,0.369,-6.5982,3.8532,10.4514,0.1927,0.1493,89,1,-6.3994,-0.1988,9,79,2,0,60,5,200,100,300,1
60,20,40,33.3,0.351,-2.2041,1.1945,3.3986,0.0597,0.085,40,20,-0.9701,-1.234,0,60,0,0,360,5,50,0,0,1
60,20,40,33.3,0.351,-2.2041,1.1945,3.3986,0.0597,0.085,40,20,-0.9701,-1.234,0,60,0,0,360,5,50,0,300,1
60,20,40,33.3,0.351,-2.2041,1.1945,3.3986,0.0597,0.085,40,20,-0.9701,-1.234,0,60,0,0,360,5,50,0,500,1
60,20,40,33.3,0.351,-2.2041,1.1945,3.3986,0.0597,0.085,40,20,-0.9701,-1.234,0,60,0,0,360,5,50,0,1000,1
60,20,40,33.3,0.351,-2.2046,1.194,3.3986,0.0597,0.085,40,20,-0.9706,-1.234,0,60,0,0,360,5,50,100,0,1
60,20,40,33.3,0.351,-2.2046,1.194,3.3986,0.0597,0.085,40,20,-0.9706,-1.234,0,60,0,0,360,5,50,100,300,1
60,20,40,33.3,0.351,-2.2046,1.194,3.3986,0.0597,0.085,40,20,-0.9706,-1.234,0,60,0,0,360,5,50,100,500,1
60,20,40,33.3,0.351,-2.2046,1.194,3.3986,0.0597,0.085,40,20,-0.9706,-1.234,0,60,0,0,360,5,50,100,1000,1
60,20,40,33.3,0.351,-2.2041,1.1945,3.3986,0.0597,0.085,40,20,-0.9701,-1.234,0,60,0,0,360,5,50,200,0,1
60,20,40,33.3,0.351,-2.2041,1.1945,3.3986,0.0597,0.085,40,20,-0.9701,-1.234,0,60,0,0,360,5,50,200,300,1
60,20,40,33.3,0.351,-2.2041,1.1945,3.3986,0.0597,0.085,40,20,-0.9701,-1.234,0,60,0,0,360,5,50,200,500,1
60,20,40,33.3,0.351,-2.2041,1.1945,3.3986,0.0597,0.085,40,20,-0.9701,-1.234,0,60,0,0,360,5,50,200,1000,1
51,17,34,33.3,0.313,-2.7223,1.2386,3.9609,0.0729,0.1165,29,22,-0.6773,-2.045,1,50,0,0,360,30,100,0,300,1
51,17,34,33.3,0.313,-2.7223,1.2386,3.9609,0.0729,0.1165,29,22,-0.6773,-2.045,1,50,0,0,360,30,100,100,300,1
51,17,34,33.3,0.313,-2.7223,1.2386,3.9609,0.0729,0.1165,29,22,-0.6773,-2.045,1,50,0,0,360,30,100,200,300,1
51,17,34,33.3,0.297,-2.7838,1.1771,3.9609,0.0692,0.1165,29,22,-0.7388,-2.045,0,51,0,0,360,30,100,0,0,1
51,17,34,33.3,0.297,-2.7838,1.1771,3.9609,0.0692,0.1165,29,22,-0.7388,-2.045,0,51,0,0,360,30,100,0,500,1
51,17,34,33.3,0.297,-2.7838,1.1771,3.9609,0.0692,0.1165,29,22,-0.7388,-2.045,0,51,0,0,360,30,100,0,1000,1
51,17,34,33.3,0.297,-2.7838,1.1771,3.9609,0.0692,0.1165,29,22,-0.7388,-2.045,0,51,0,0,360,30,100,100,0,1
51,17,34,33.3,0.297,-2.7838,1.1771,3.9609,0.0692,0.1165,29,22,-0.7388,-2.045,0,51,0,0,360,30,100,100,500,1
51,17,34,33.3,0.297,-2.7838,1.1771,3.9609,0.0692,0.1165,29,22,-0.7388,-2.045,0,51,0,0,360,30,100,100,1000,1
51,17,34,33.3,0.297,-2.7838,1.1771,3.9609,0.0692,0.1165,29,22,-0.7388,-2.045,0,51,0,0,360,30,100,200,0,1
51,17,34,33.3,0.297,-2.7838,1.1771,3.9609,0.0692,0.1165,29,22,-0.7388,-2.045,0,51,0,0,360,30,100,200,500,1
51,17,34,33.3,0.297,-2.7838,1.1771,3.9609,0.0692,0.1165,29,22,-0.7388,-2.045,0,51,0,0,360,30,100,200,1000,1
51,19,32,37.3,0.292,-2.1073,0.8688,2.9761,0.0457,0.093,29,22,-0.4813,-1.626,0,51,0,0,360,30,50,0,0,1
51,19,32,37.3,0.292,-2.1073,0.8688,2.9761,0.0457,0.093,29,22,-0.4813,-1.626,0,51,0,0,360,30,50,0,300,1
51,19,32,37.3,0.292,-2.1073,0.8688,2.9761,0.0457,0.093,29,22,-0.4813,-1.626,0,51,0,0,360,30,50,0,500,1
51,19,32,37.3,0.292,-2.1073,0.8688,2.9761,0.0457,0.093,29,22,-0.4813,-1.626,0,51,0,0,360,30,50,0,1000,1
51,19,32,37.3,0.292,-2.1073,0.8688,2.9761,0.0457,0.093,29,22,-0.4813,-1.626,0,51,0,0,360,30,50,100,0,1
51,19,32,37.3,0.292,-2.1073,0.8688,2.9761,0.0457,0.093,29,22,-0.4813,-1.626,0,51,0,0,360,30,50,100,300,1
51,19,32,37.3,0.292,-2.1073,0.8688,2.9761,0.0457,0.093,29,22,-0.4813,-1.626,0,51,0,0,360,30,50,100,500,1
51,19,32,37.3,0.292,-2.1073,0.8688,2.9761,0.0457,0.093,29,22,-0.4813,-1.626,0,51,0,0,360,30,50,100,1000,1
51,19,32,37.3,0.292,-2.1073,0.8688,2.9761,0.0457,0.093,29,22,-0.4813,-1.626,0,51,0,0,360,30,50,200,0,1
51,19,32,37.3,0.292,-2.1073,0.8688,2.9761,0.0457,0.093,29,22,-0.4813,-1.626,0,51,0,0,360,30,50,200,300,1
51,19,32,37.3,0.292,-2.1073,0.8688,2.9761,0.0457,0.093,29,22,-0.4813,-1.626,0,51,0,0,360,30,50,200,500,1
51,19,32,37.3,0.292,-2.1073,0.8688,2.9761,0.0457,0.093,29,22,-0.4813,-1.626,0,51,0,0,360,30,50,200,1000,1
90,29,61,32.2,0.275,-4.8442,1.838,6.6822,0.0634,0.1095,89,1,-4.7424,-0.1018,0,90,0,0,60,5,100,0,0,1
90,29,61,32.2,0.275,-4.8442,1.838,6.6822,0.0634,0.1095,89,1,-4.7424,-0.1018,0,90,0,0,60,5,100,0,300,1
90,29,61,32.2,0.275,-4.8442,1.838,6.6822,0.0634,0.1095,89,1,-4.7424,-0.1018,0,90,0,0,60,5,100,0,500,1
90,29,61,32.2,0.275,-4.8442,1.838,6.6822,0.0634,0.1095,89,1,-4.7424,-0.1018,0,90,0,0,60,5,100,0,1000,1
90,29,61,32.2,0.275,-4.8442,1.838,6.6822,0.0634,0.1095,89,1,-4.7424,-0.1018,0,90,0,0,60,5,100,200,0,1
90,29,61,32.2,0.275,-4.8442,1.838,6.6822,0.0634,0.1095,89,1,-4.7424,-0.1018,0,90,0,0,60,5,100,200,300,1
90,29,61,32.2,0.275,-4.8442,1.838,6.6822,0.0634,0.1095,89,1,-4.7424,-0.1018,0,90,0,0,60,5,100,200,500,1
90,29,61,32.2,0.275,-4.8442,1.838,6.6822,0.0634,0.1095,89,1,-4.7424,-0.1018,0,90,0,0,60,5,100,200,1000,1
90,29,61,32.2,0.273,-4.8587,1.8235,6.6822,0.0629,0.1095,89,1,-4.7569,-0.1018,0,90,0,0,60,5,100,100,0,1
90,29,61,32.2,0.273,-4.8587,1.8235,6.6822,0.0629,0.1095,89,1,-4.7569,-0.1018,0,90,0,0,60,5,100,100,300,1
90,29,61,32.2,0.273,-4.8587,1.8235,6.6822,0.0629,0.1095,89,1,-4.7569,-0.1018,0,90,0,0,60,5,100,100,500,1
90,29,61,32.2,0.273,-4.8587,1.8235,6.6822,0.0629,0.1095,89,1,-4.7569,-0.1018,0,90,0,0,60,5,100,100,1000,1
