symbol,upstox_key,lot_size,strike_step
RELIANCE,NSE_EQ|INE002A01018,250,20
TCS,NSE_EQ|INE467B01029,150,50
HDFCBANK,NSE_EQ|INE040A01034,550,10
INFY,NSE_EQ|INE009A01021,300,20
ICICIBANK,NSE_EQ|INE090A01021,700,10
KOTAKBANK,NSE_EQ|INE237A01028,400,20
LT,NSE_EQ|INE018A01030,150,50
SBIN,NSE_EQ|INE062A01020,1500,5
AXISBANK,NSE_EQ|INE238A01034,625,10
WIPRO,NSE_EQ|INE075A01022,1500,5
BAJFINANCE,NSE_EQ|INE296A01024,125,50
BHARTIARTL,NSE_EQ|INE397D01024,475,10
ASIANPAINT,NSE_EQ|INE021A01026,200,25
MARUTI,NSE_EQ|INE585B01010,37,100
TITAN,NSE_EQ|INE280A01028,375,10
SUNPHARMA,NSE_EQ|INE044A01036,700,5
ULTRACEMCO,NSE_EQ|INE481G01011,100,50
NESTLEIND,NSE_EQ|INE239A01016,50,100
POWERGRID,NSE_EQ|INE752E01010,2700,2
NTPC,NSE_EQ|INE733E01010,3000,2
ONGC,NSE_EQ|INE213A01029,1925,2
COALINDIA,NSE_EQ|INE522F01014,2100,2
TATAMOTORS,NSE_EQ|INE155A01022,1425,2
TATASTEEL,NSE_EQ|INE081A01020,5500,2
HINDALCO,NSE_EQ|INE038A01020,2150,2
JSWSTEEL,NSE_EQ|INE019A01038,1350,2
ADANIENT,NSE_EQ|INE423A01024,250,20
ADANIPORTS,NSE_EQ|INE742F01042,1250,5
GRASIM,NSE_EQ|INE047A01021,375,10
TECHM,NSE_EQ|INE669C01036,600,10
HCLTECH,NSE_EQ|INE860A01027,700,10
DRREDDY,NSE_EQ|INE089A01023,125,50
CIPLA,NSE_EQ|INE059A01026,650,10
DIVISLAB,NSE_EQ|INE361B01024,150,50
APOLLOHOSP,NSE_EQ|INE437A01024,125,50
EICHERMOT,NSE_EQ|INE066A01021,175,50
BAJAJFINSV,NSE_EQ|INE918I01026,500,10
BPCL,NSE_EQ|INE029A01011,1800,2
IOC,NSE_EQ|INE242A01010,2500,2
HEROMOTOCO,NSE_EQ|INE158A01026,300,20
BRITANNIA,NSE_EQ|INE216A01030,200,25
ITC,NSE_EQ|INE154A01025,3200,2
M&M,NSE_EQ|INE101A01026,700,5
TATACONSUM,NSE_EQ|INE192A01025,1050,5
PIDILITIND,NSE_EQ|INE318A01026,250,20
INDUSINDBK,NSE_EQ|INE095A01012,500,10
PFC,NSE_EQ|INE134E01011,2700,2
RECLTD,NSE_EQ|INE020B01018,3000,2
SIEMENS,NSE_EQ|INE003A01024,125,50
ABB,NSE_EQ|INE117A01022,125,50
BANKBARODA,NSE_EQ|INE028A01039,2700,2
CANBK,NSE_EQ|INE476A01014,2800,2
UNIONBANK,NSE_EQ|INE692A01016,4000,2
PNB,NSE_EQ|INE160A01022,8000,2
INDIGO,NSE_EQ|INE646L01027,300,20
ZOMATO,NSE_EQ|INE758T01015,4500,2
IRCTC,NSE_EQ|INE335Y01020,875,5
ZEEL,NSE_EQ|INE256A01028,2000,5
SBILIFE,NSE_EQ|INE330G01039,750,10
HDFCLIFE,NSE_EQ|INE795G01014,1100,10
ICICIGI,NSE_EQ|INE765G01017,375,20
ICICIPRULI,NSE_EQ|INE726G01019,1500,5
SBICARD,NSE_EQ|INE018E01016,800,10
ABCAPITAL,NSE_EQ|INE674K01013,4000,2
HDFCAMC,NSE_EQ|INE127D01025,300,25
MFSL,NSE_EQ|INE287B01021,700,10
MANAPPURAM,NSE_EQ|INE522D01027,3000,2
CHOLAFIN,NSE_EQ|INE121A01024,1250,10
BAJAJ-AUTO,NSE_EQ|INE917I01010,75,50
IDFCFIRSTB,NSE_EQ|INE0T11001,10000,1
FEDERALBNK,NSE_EQ|INE171A01029,5000,2
RBLBANK,NSE_EQ|INE976G01028,2500,2
AUBANK,NSE_EQ|INE949L01017,1000,10
BANDHANBNK,NSE_EQ|INE545U01014,5000,2
YESBANK,NSE_EQ|INE528G01035,40000,1
LICHSGFIN,NSE_EQ|INE115A01026,2000,5
MUTHOOTFIN,NSE_EQ|INE414G01012,750,10
POONAWALLA,NSE_EQ|INE511C01022,1000,5
SHRIRAMFIN,NSE_EQ|INE721A01013,500,10
SAIL,NSE_EQ|INE114A01011,7000,2
BHEL,NSE_EQ|INE257A01026,5400,2
GAIL,NSE_EQ|INE129A01019,3850,2
HINDPETRO,NSE_EQ|INE094A01015,1700,2
PETRONET,NSE_EQ|INE347G01014,3000,2
ADANIGREEN,NSE_EQ|INE364U01010,350,10
TATAPOWER,NSE_EQ|INE245A01021,3375,2
TORNTPOWER,NSE_EQ|INE813H01021,500,10
IGL,NSE_EQ|INE203G01027,1375,5
MGL,NSE_EQ|INE558L01010,550,10
GSPL,NSE_EQ|INE246F01010,1150,5
GUJGASLTD,NSE_EQ|INE844O01030,1250,5
NMDC,NSE_EQ|INE584A01023,5400,2
VEDL,NSE_EQ|INE205A01025,2756,2
NATIONALUM,NSE_EQ|INE139A01034,8500,2
JINDALSTEL,NSE_EQ|INE749A01030,1250,5
APLAPOLLO,NSE_EQ|INE702C01027,1250,5
POLYCAB,NSE_EQ|INE455K01017,175,50
HAVELLS,NSE_EQ|INE176B01034,500,10
CROMPTON,NSE_EQ|INE299U01018,2000,5
VOLTAS,NSE_EQ|INE226A01021,500,10
DIXON,NSE_EQ|INE935N01020,100,100
AMBER,NSE_EQ|INE371P01015,200,25
MOTHERSON,NSE_EQ|INE775A01035,4550,2
BOSCHLTD,NSE_EQ|INE323A01026,50,200
ESCORTS,NSE_EQ|INE265F01028,250,20
BALKRISIND,NSE_EQ|INE787D01026,400,10
EXIDEIND,NSE_EQ|INE302A01020,3500,2
MINDA,NSE_EQ|INE401C01018,1875,5
SUNDARMFIN,NSE_EQ|INE660A01013,250,50
CUMMINSIND,NSE_EQ|INE298A01020,400,10
THERMAX,NSE_EQ|INE152A01029,350,20
BHARATFORG,NSE_EQ|INE465A01025,1100,5
TIINDIA,NSE_EQ|INE811A01020,500,20
SUNDRMFAST,NSE_EQ|INE387A01021,1000,5
ASHOKLEY,NSE_EQ|INE208A01029,5000,2
TVSMOTOR,NSE_EQ|INE494B01023,350,10
MRF,NSE_EQ|INE883A01011,10,500
APOLLOTYRE,NSE_EQ|INE438A01022,3500,2
LUPIN,NSE_EQ|INE326A01037,750,10
TORNTPHARM,NSE_EQ|INE685A01028,500,10
AUROPHARMA,NSE_EQ|INE406A01037,1750,5
BIOCON,NSE_EQ|INE376G01013,2500,2
ALKEM,NSE_EQ|INE540L01014,150,50
GRANULES,NSE_EQ|INE101D01020,2000,5
GLENMARK,NSE_EQ|INE935A01035,1000,5
IPCALAB,NSE_EQ|INE571A01020,700,10
SYNGENE,NSE_EQ|INE398R01022,1250,5
LALPATHLAB,NSE_EQ|INE600X01017,250,25
METROPOLIS,NSE_EQ|INE296Z01014,400,10
GODREJCP,NSE_EQ|INE102D01028,500,10
MARICO,NSE_EQ|INE196A01026,1800,5
DABUR,NSE_EQ|INE016A01026,2750,2
COLPAL,NSE_EQ|INE259A01022,700,10
EMAMILTD,NSE_EQ|INE548C01032,1400,5
MCDOWELL-N,NSE_EQ|INE725A01022,300,20
RADICO,NSE_EQ|INE944F01028,1275,5
UBL,NSE_EQ|INE686F01025,400,20
JUBLFOOD,NSE_EQ|INE797F01020,1250,10
BERGEPAINT,NSE_EQ|INE463A01038,1100,5
AKZOINDIA,NSE_EQ|INE133A01011,100,50
ATUL,NSE_EQ|INE100A01010,150,100
DEEPAKNTR,NSE_EQ|INE288B01029,350,10
PIIND,NSE_EQ|INE603J01030,300,25
COROMANDEL,NSE_EQ|INE169A01031,500,10
NAVINFLUOR,NSE_EQ|INE048G01026,100,100
AARTIIND,NSE_EQ|INE769A01020,1000,5
SRF,NSE_EQ|INE647A01010,250,25
GNFC,NSE_EQ|INE113B01010,1000,5
TATACHEM,NSE_EQ|INE092A01019,500,10
CONCOR,NSE_EQ|INE111A01025,1000,5
DALBHARAT,NSE_EQ|INE495G01023,400,10
JKCEMENT,NSE_EQ|INE823G01014,500,10
RAMCOCEM,NSE_EQ|INE331A01037,600,10
SHREECEM,NSE_EQ|INE070A01015,25,200
ACC,NSE_EQ|INE012A01025,500,10
AMBUJACEMENT,NSE_EQ|INE079A01024,2000,5
KANSAINER,NSE_EQ|INE613A01014,400,10
ASTRAL,NSE_EQ|INE006I01046,500,10
SUPREMEIND,NSE_EQ|INE195A01028,200,25
OFSS,NSE_EQ|INE881D01027,200,50
MPHASIS,NSE_EQ|INE356A01018,350,25
COFORGE,NSE_EQ|INE591G01017,150,50
PERSISTENT,NSE_EQ|INE262H01013,250,25
KPITTECH,NSE_EQ|INE04I401011,750,10
LTIM,NSE_EQ|INE214T01019,150,50
MCX,NSE_EQ|INE745G01035,500,10
IEX,NSE_EQ|INE022Q01020,7500,2
TRENT,NSE_EQ|INE849A01020,375,20
NAUKRI,NSE_EQ|INE663F01024,150,50
ZYDUSLIFE,NSE_EQ|INE010B01027,1000,10
PVRINOX,NSE_EQ|INE191H01014,750,5
BEL,NSE_EQ|INE263A01024,3700,2
HAL,NSE_EQ|INE066F01012,150,50
BEML,NSE_EQ|INE258A01016,250,25
NBCC,NSE_EQ|INE095N01031,13500,1
RVNL,NSE_EQ|INE415G01027,3000,2
IRFC,NSE_EQ|INE053F01010,5000,2
OBEROIRLTY,NSE_EQ|INE093I01010,500,10
DLF,NSE_EQ|INE271C01023,1650,5
GODREJPROP,NSE_EQ|INE484J01027,325,25
PRESTIGE,NSE_EQ|INE811K01011,400,10
SOBHA,NSE_EQ|INE671H01015,600,10
PHOENIXLTD,NSE_EQ|INE191I01012,400,20
INDUSTOWER,NSE_EQ|INE121J01017,2800,2
FORTIS,NSE_EQ|INE061F01013,2000,5
MAXHEALTH,NSE_EQ|INE027H01010,1000,10
PAGEIND,NSE_EQ|INE761H01022,15,500
KALYANKJIL,NSE_EQ|INE303R01014,3000,2
TRIDENT,NSE_EQ|INE064C01022,25000,1
JSL,NSE_EQ|INE838H01020,2000,5
TATACOMM,NSE_EQ|INE151A01013,500,10
HINDCOPPER,NSE_EQ|INE531E01026,4800,2
WELCORP,NSE_EQ|INE811K01011,2900,2
LICI,NSE_EQ|INE0J1Y01017,700,10
DELTACORP,NSE_EQ|INE124G01033,4750,2
