trade_date,symbol,bias
2026-09-25,POLICYBZR,bearish
2026-09-25,OFSS,bullish
2026-09-16,NYKAA,bearish
2026-09-17,BAJFINANCE,bullish
2026-09-17,CGPOWER,bearish
2026-09-17,MOTILALOFS,bullish
2026-09-17,PNB,bullish
2026-09-17,POLICYBZR,bullish
2026-09-17,SRF,bullish
2026-09-17,TVSMOTOR,bearish
2026-09-18,PIDILITIND,bullish
2026-09-18,SHREECEM,bullish
2026-09-18,TCS,bearish
2026-09-18,ZYDUSLIFE,bullish
2026-09-25,ADANIPOWER,bullish
2026-09-25,AMBUJACEM,bullish
2026-09-25,AXISBANK,bullish
2026-09-25,FORTIS,bearish
2026-09-25,PAYTM,bearish
2026-09-25,PIDILITIND,bearish
