Dir,D1_Ref,D1_Sweep,D1_Reclaim,Ref_Bar,Entry_TS,A_Entry,A_SL,A_Risk,A_Outcome,A_PnL_Rs,B_Method,B_M5Lo,B_M5Hi,B_Entry,B_SL,B_Risk,B_Outcome,B_PnL_Rs
LONG,2026-02-04,2026-02-06,2026-02-09,2026-02-13 11:15,2026-02-13 13:15,25576.70,25522.80,53.90,SL,-3504,5M_FB,,,25576.70,25522.80,53.90,EOD,-6575
LONG,2026-02-04,2026-02-06,2026-02-09,2026-02-16 09:15,2026-02-16 10:15,,,,,,5M_FB,,,25556.50,25372.70,183.80,EOD,8486
SHORT,2026-02-06,2026-02-09,2026-02-13,2026-02-17 12:15,2026-02-17 13:15,25713.90,25764.40,50.50,EOD,-751,5M_FB,,,25713.90,25764.40,50.50,EOD,-751
SHORT,2026-02-05,2026-02-09,2026-02-13,2026-02-18 09:15,2026-02-18 10:15,25650.25,25759.75,109.50,SL,-7118,5M_FB,,,25650.25,25759.75,109.50,EOD,-11037
SHORT,2026-02-04,2026-02-09,2026-02-13,2026-02-19 09:15,2026-02-19 10:15,25749.45,25885.30,135.85,TARGET,17660,5M_FB,,,25749.45,25885.30,135.85,EOD,19624
LONG,2026-02-13,2026-02-16,2026-02-17,2026-02-20 09:15,2026-02-20 10:15,25524.70,25379.75,144.95,EOD,3000,5M_FB,,,25524.70,25379.75,144.95,EOD,3000
SHORT,2026-02-17,2026-02-18,2026-02-19,2026-02-23 10:15,2026-02-23 11:15,25646.60,25733.70,87.10,EOD,-4206,5M_FB,,,25646.60,25733.70,87.10,EOD,-4206
SHORT,2026-02-13,2026-02-16,2026-02-19,2026-02-24 09:15,2026-02-24 10:15,25482.85,25641.80,158.95,EOD,3942,5M_FB,,,25482.85,25641.80,158.95,EOD,3942
LONG,2026-02-17,2026-02-19,2026-02-23,2026-02-25 09:15,2026-02-25 10:15,25633.25,25507.90,125.35,SL,-8148,5M_FB,,,25633.25,25507.90,125.35,EOD,-10153
LONG,2026-02-06,2026-02-13,2026-02-17,2026-02-26 10:15,2026-02-26 11:15,25562.00,25491.70,70.30,SL,-4569,5M_FB,,,25562.00,25491.70,70.30,EOD,-4878
LONG,2026-03-12,2026-03-13,2026-03-18,2026-03-19 11:15,2026-03-19 12:15,23268.75,23207.55,61.20,SL,-3978,5M,23217.85,23242.45,23234.25,23217.85,16.40,TARGET,2132
LONG,2026-03-13,2026-03-16,2026-03-17,2026-03-20 10:15,2026-03-20 11:15,23317.90,23200.65,117.25,SL,-7621,5M,23263.15,23269.45,23267.35,23263.15,4.20,SL,-273
LONG,2026-03-20,2026-03-23,2026-03-25,2026-03-27 12:15,2026-03-27 13:15,22973.20,22905.60,67.60,SL,-4394,5M,22905.60,22905.95,22905.83,22905.60,0.23,SL,-15
SHORT,2026-03-23,2026-03-24,2026-03-30,2026-04-01 09:15,2026-04-01 10:15,22809.00,22941.30,132.30,EOD,8964,SKIP,22903.95,22941.30,SKIP,,,SKIP,
LONG,2026-03-23,2026-03-30,2026-04-01,2026-04-02 10:15,2026-04-02 12:15,22250.20,22188.95,61.25,TARGET,7962,SKIP,22188.95,22215.10,SKIP,,,SKIP,
SHORT,2026-03-30,2026-04-01,2026-04-02,2026-04-06 09:15,2026-04-06 10:15,22561.90,22798.25,236.35,SL,-15363,5M,22661.95,22746.90,22690.27,22746.90,56.63,SL,-3681
SHORT,2026-03-17,2026-03-18,2026-03-19,2026-04-08 11:15,2026-04-08 12:15,23920.15,24014.00,93.85,SL,-6100,5M,23981.10,23998.60,23986.93,23998.60,11.67,SL,-758
SHORT,2026-03-20,2026-03-25,2026-03-27,2026-04-09 11:15,2026-04-09 12:15,23814.20,23907.30,93.10,EOD,1381,SKIP,23898.00,23905.40,SKIP,,,SKIP,
SHORT,2026-03-19,2026-03-25,2026-03-27,2026-04-10 10:15,2026-04-10 11:15,23972.30,24036.20,63.90,SL,-4154,5M,24018.75,24036.20,24024.57,24036.20,11.63,TARGET,1512
LONG,2026-03-18,2026-03-19,2026-04-08,2026-04-13 09:15,2026-04-13 10:15,23699.70,23555.60,144.10,EOD,9357,SKIP,23580.35,23586.90,SKIP,,,SKIP,
SHORT,2026-03-24,2026-03-25,2026-03-30,2026-04-15 10:15,2026-04-15 11:15,24177.60,24273.15,95.55,EOD,-3322,5M,24251.45,24273.15,24258.68,24273.15,14.47,TARGET,1881
SHORT,2026-03-18,2026-04-08,2026-04-13,2026-04-16 10:15,2026-04-16 13:15,24292.45,24333.20,40.75,TARGET,5298,SKIP,24313.00,24333.20,SKIP,,,SKIP,
SHORT,2026-04-15,2026-04-16,2026-04-17,2026-04-20 11:15,2026-04-20 12:15,24407.20,24473.25,66.05,EOD,1622,SKIP,24456.65,24473.25,SKIP,,,SKIP,
LONG,2026-04-15,2026-04-16,2026-04-17,2026-04-23 11:15,2026-04-23 12:15,24225.90,24172.85,53.05,SL,-3448,5M,24172.85,24202.35,24192.52,24172.85,19.67,SL,-1278
SHORT,2026-04-10,2026-04-15,2026-04-24,2026-04-27 10:15,2026-04-27 11:15,24013.00,24103.15,90.15,SL,-5860,5M,24071.35,24088.95,24077.22,24088.95,11.73,TARGET,1525
LONG,2026-03-10,2026-03-11,2026-04-16,2026-04-27 11:15,2026-04-27 13:15,24077.50,23974.40,103.10,EOD,1147,SKIP,23974.40,24005.85,SKIP,,,SKIP,
LONG,2026-04-16,2026-04-17,2026-04-20,2026-04-28 09:15,2026-04-28 10:15,24168.55,23999.25,169.30,SL,-11004,5M,24090.40,24120.55,24110.50,24090.40,20.10,SL,-1306
SHORT,2026-03-11,2026-04-16,2026-04-24,2026-04-29 12:15,2026-04-29 13:15,24293.20,24334.70,41.50,TARGET,5395,SKIP,24325.70,24334.70,SKIP,,,SKIP,
LONG,2026-04-10,2026-04-13,2026-04-15,2026-04-30 10:15,2026-04-30 13:15,23857.30,23798.50,58.80,TARGET,7644,SKIP,23798.50,23814.65,SKIP,,,SKIP,
LONG,2026-04-23,2026-04-24,2026-04-29,2026-05-04 10:15,2026-05-04 11:15,24240.65,24142.80,97.85,SL,-6360,5M,24142.80,24206.65,24185.37,24142.80,42.57,SL,-2767
SHORT,2026-04-28,2026-04-29,2026-04-30,2026-05-04 10:15,2026-05-04 12:15,24142.80,24240.65,97.85,EOD,1154,SKIP,24217.35,24240.65,SKIP,,,SKIP,
LONG,2026-04-28,2026-04-30,2026-05-04,2026-05-05 11:15,2026-05-05 12:15,23966.75,23882.05,84.70,EOD,5021,SKIP,23882.05,23929.45,SKIP,,,SKIP,
SHORT,2026-04-27,2026-04-28,2026-04-30,2026-05-06 09:15,2026-05-06 10:15,24096.50,24250.85,154.35,SL,-10033,5M,24144.90,24165.85,24151.88,24165.85,13.97,SL,-908
SHORT,2026-04-17,2026-04-20,2026-04-24,2026-05-07 10:15,2026-05-07 11:15,24310.05,24379.05,69.00,SL,-4485,5M,24350.80,24379.05,24360.22,24379.05,18.83,SL,-1224
SHORT,2026-04-20,2026-04-21,2026-04-23,2026-05-07 12:15,2026-05-07 13:15,24329.70,24482.10,152.40,EOD,1719,SKIP,24411.05,24420.55,SKIP,,,SKIP,
SHORT,2026-04-24,2026-04-29,2026-04-30,2026-05-08 10:15,2026-05-08 11:15,24181.25,24243.95,62.70,EOD,42,,,,,,,,
LONG,2026-04-20,2026-04-23,2026-05-07,2026-05-08 12:15,2026-05-08 13:15,,,,,,5M,24150.95,24164.10,24159.72,24150.95,8.77,TARGET,1140
LONG,2026-04-27,2026-04-30,2026-05-04,2026-05-11 10:15,2026-05-11 11:15,23922.55,23845.30,77.25,SL,-5021,5M,23845.30,23882.10,23869.83,23845.30,24.53,SL,-1595
LONG,2026-04-24,2026-04-30,2026-05-04,2026-05-13 10:15,2026-05-13 11:15,23478.60,23368.05,110.55,EOD,-3458,5M_FB,,,23478.60,23368.05,110.55,EOD,-3458
LONG,2026-04-29,2026-04-30,2026-05-06,2026-05-14 10:15,2026-05-14 13:15,23537.50,23426.55,110.95,TARGET,14424,SKIP,23427.85,23431.65,SKIP,,,SKIP,
LONG,2026-04-20,2026-04-23,2026-05-07,2026-05-15 09:15,2026-05-15 10:15,23837.00,23663.35,173.65,SL,-11287,5M,23734.10,23751.85,23745.93,23734.10,11.83,SL,-769
LONG,2026-04-17,2026-04-24,2026-05-07,2026-05-15 11:15,2026-05-15 13:45,,,,,,5M,23677.65,23725.25,23709.38,23677.65,31.73,SL,-2063
LONG,2026-04-17,2026-04-24,2026-05-07,2026-05-18 10:15,2026-05-18 11:15,23477.75,23353.90,123.85,EOD,10172,SKIP,23355.55,23412.55,SKIP,,,SKIP,
SHORT,2026-05-14,2026-05-15,2026-05-18,2026-05-19 10:15,2026-05-19 11:15,23718.10,23782.30,64.20,EOD,6081,SKIP,23743.30,23782.30,SKIP,,,SKIP,
LONG,2026-05-14,2026-05-18,2026-05-19,2026-05-20 09:15,2026-05-20 10:15,23548.60,23397.30,151.30,EOD,7764,5M,23495.75,23520.90,23512.52,23495.75,16.77,SL,-1090
SHORT,2026-05-12,2026-05-14,2026-05-18,2026-05-21 09:15,2026-05-21 10:15,23728.05,23859.90,131.85,EOD,5752,,,,,,,,
SHORT,2026-04-13,2026-04-15,2026-05-12,2026-05-25 11:15,2026-05-25 12:15,23959.90,23992.70,32.80,SL,-2132,5M,23981.40,23992.70,23985.17,23992.70,7.53,TARGET,979
SHORT,2026-04-30,2026-05-04,2026-05-12,2026-05-26 10:15,2026-05-26 13:15,24045.20,24089.80,44.60,TARGET,5798,SKIP,24076.15,24089.80,SKIP,,,SKIP,
LONG,2026-05-05,2026-05-11,2026-05-26,2026-05-27 09:15,2026-05-27 10:15,23950.15,23868.50,81.65,SL,-5307,5M,23868.50,23896.45,23887.13,23868.50,18.63,SL,-1211
LONG,2026-05-19,2026-05-20,2026-05-21,2026-06-01 10:15,2026-06-01 11:15,23615.50,23517.70,97.80,SL,-6357,5M,23517.70,23548.95,23538.53,23517.70,20.83,SL,-1354
LONG,2026-05-15,2026-05-18,2026-05-21,2026-06-02 09:15,2026-06-02 13:15,23325.15,23229.15,96.00,TARGET,12480,SKIP,23261.20,23281.35,SKIP,,,SKIP,
LONG,2026-05-11,2026-05-12,2026-05-25,2026-06-03 11:15,2026-06-03 12:15,23244.85,23151.50,93.35,TARGET,12135,5M_FB,,,23244.85,23151.50,93.35,TARGET,12135
LONG,2026-04-13,2026-05-12,2026-05-25,2026-06-04 09:15,2026-06-04 10:15,23443.70,23247.30,196.40,EOD,-1732,,,,,,,,
LONG,2026-04-30,2026-05-12,2026-05-26,2026-06-05 11:15,2026-06-05 12:15,23452.20,23393.10,59.10,SL,-3842,,,,,,,,
SHORT,2026-06-09,2026-06-10,2026-06-11,2026-06-12 09:15,2026-06-12 10:15,23327.65,23455.95,128.30,SL,-8339,5M,23379.85,23410.65,23390.12,23410.65,20.53,SL,-1335
SHORT,2026-05-22,2026-05-25,2026-05-29,2026-06-15 10:15,2026-06-15 11:15,23935.60,24009.10,73.50,EOD,5882,SKIP,23977.05,24009.10,SKIP,,,SKIP,
SHORT,2026-05-21,2026-05-25,2026-05-29,2026-06-16 11:15,2026-06-16 12:15,23911.45,23951.40,39.95,SL,-2597,5M,23934.35,23949.75,23939.48,23949.75,10.27,TARGET,1335
SHORT,2026-05-19,2026-05-21,2026-05-29,2026-06-17 11:15,2026-06-17 12:15,24047.70,24108.20,60.50,EOD,-2333,5M,24075.55,24108.20,24086.43,24108.20,21.77,EOD,184
SHORT,2026-05-15,2026-05-21,2026-05-29,2026-06-18 10:15,2026-06-18 11:15,24059.55,24130.80,71.25,SL,-4631,5M,24085.60,24116.90,24096.03,24116.90,20.87,SL,-1356
SHORT,2026-05-27,2026-05-29,2026-06-01,2026-06-19 09:15,2026-06-19 10:15,23938.75,24011.25,72.50,SL,-4712,5M_FB,,,23938.75,24011.25,72.50,SL,-4712
SHORT,2026-05-18,2026-05-19,2026-06-02,2026-06-19 11:15,2026-06-19 13:45,,,,,,5M,23954.80,23968.30,23959.30,23968.30,9.00,SL,-585
SHORT,2026-05-18,2026-05-19,2026-06-02,2026-06-22 10:15,2026-06-22 11:15,24136.55,24168.05,31.50,EOD,2018,5M_FB,,,24136.55,24168.05,31.50,EOD,2018
SHORT,2026-06-17,2026-06-18,2026-06-19,2026-06-23 10:15,2026-06-23 13:15,24083.55,24130.10,46.55,TARGET,6051,SKIP,24114.05,24130.10,SKIP,,,SKIP,
LONG,2026-05-27,2026-05-29,2026-06-15,2026-06-24 09:15,2026-06-24 10:15,23919.20,23789.25,129.95,EOD,5642,SKIP,23810.65,23862.05,SKIP,,,SKIP,
SHORT,2026-06-19,2026-06-22,2026-06-23,2026-06-25 11:15,2026-06-25 12:15,24181.05,24261.60,80.55,EOD,8066,5M_FB,,,24181.05,24261.60,80.55,EOD,8066
LONG,2026-06-22,2026-06-23,2026-06-25,2026-06-29 09:15,2026-06-29 10:15,24110.75,24005.45,105.30,SL,-6844,5M,24005.45,24069.45,24048.12,24005.45,42.67,SL,-2773
SHORT,2026-06-16,2026-06-17,2026-06-23,2026-06-29 10:15,2026-06-29 11:15,24047.40,24120.00,72.60,EOD,6741,SKIP,24065.05,24120.00,SKIP,,,SKIP,
LONG,2026-05-26,2026-05-27,2026-06-17,2026-06-30 10:15,2026-06-30 11:15,23944.95,23871.30,73.65,SL,-4787,5M,23871.30,23906.00,23894.43,23871.30,23.13,SL,-1504
LONG,2026-05-25,2026-05-26,2026-06-17,2026-07-01 09:15,2026-07-01 10:15,23996.40,23895.10,101.30,EOD,598,SKIP,23904.90,23909.00,SKIP,,,SKIP,
LONG,2026-05-08,2026-05-11,2026-06-25,2026-07-02 10:15,2026-07-02 12:15,24116.80,24070.30,46.50,EOD,3907,SKIP,24088.90,24093.30,SKIP,,,SKIP,
SHORT,2026-06-15,2026-06-17,2026-06-23,2026-07-02 10:15,2026-07-02 11:15,24070.30,24116.80,46.50,SL,-3022,5M,24113.45,24116.80,24114.57,24116.80,2.23,SL,-145
SHORT,2026-05-26,2026-06-17,2026-06-23,2026-07-03 11:15,2026-07-03 12:15,24319.10,24373.25,54.15,EOD,2970,5M_FB,,,24319.10,24373.25,54.15,EOD,2970
SHORT,2026-06-22,2026-06-25,2026-06-29,2026-07-06 12:15,2026-07-06 13:15,24425.60,24455.40,29.80,EOD,-819,5M,24443.15,24453.50,24446.60,24453.50,6.90,SL,-448
SHORT,2026-05-08,2026-06-25,2026-06-29,2026-07-07 11:15,2026-07-07 13:15,24499.30,24530.90,31.60,TARGET,4108,SKIP,24513.50,24530.90,SKIP,,,SKIP,
LONG,2026-05-07,2026-05-08,2026-07-07,2026-07-08 09:15,2026-07-08 10:15,24295.25,24207.20,88.05,SL,-5723,5M,24207.20,24238.25,24227.90,24207.20,20.70,TARGET,2691
LONG,2026-06-17,2026-06-19,2026-06-22,2026-07-09 09:15,2026-07-09 10:15,24076.80,23927.70,149.10,SL,-9691,5M,24004.20,24043.90,24030.67,24004.20,26.47,TARGET,3441
LONG,2026-06-25,2026-06-29,2026-07-03,2026-07-09 12:15,2026-07-09 13:25,,,,,,5M,24015.85,24038.10,24030.68,24015.85,14.83,TARGET,1928
SHORT,2026-07-02,2026-07-03,2026-07-08,2026-07-10 10:15,2026-07-10 11:15,24174.95,24218.85,43.90,SL,-2853,5M,24202.35,24218.85,24207.85,24218.85,11.00,SL,-715
LONG,2026-06-18,2026-06-19,2026-06-25,2026-07-13 09:15,2026-07-13 10:15,24128.80,24000.20,128.60,EOD,4940,SKIP,24014.65,24094.80,SKIP,,,SKIP,
SHORT,2026-07-01,2026-07-02,2026-07-08,2026-07-14 09:15,2026-07-14 10:15,24050.55,24157.10,106.55,EOD,-127,SKIP,24151.55,24157.10,SKIP,,,SKIP,
SHORT,2026-06-30,2026-07-01,2026-07-08,2026-07-15 09:15,2026-07-15 12:15,24069.05,24218.15,149.10,EOD,-458,,,,,,,,
LONG,2026-04-22,2026-04-23,2026-07-07,2026-07-15 09:15,2026-07-15 10:15,24218.15,24069.05,149.10,SL,-9692,,,,,,,,
SHORT,2026-06-29,2026-07-02,2026-07-08,2026-07-15 10:15,2026-07-15 15:15,,,,,,SKIP,24206.35,24212.65,SKIP,,,SKIP,
SHORT,2026-06-29,2026-07-02,2026-07-08,2026-07-16 11:15,2026-07-16 12:15,24132.45,24166.80,34.35,TARGET,4465,,,,,,,,
SHORT,2026-06-25,2026-07-03,2026-07-08,2026-07-17 12:15,2026-07-17 13:15,24259.75,24297.50,37.75,SL,-2454,5M,24284.00,24297.50,24288.50,24297.50,9.00,SL,-585
SHORT,2026-07-10,2026-07-13,2026-07-14,2026-07-20 10:15,2026-07-20 11:15,24207.35,24239.20,31.85,TARGET,4141,5M,24226.90,24234.90,24229.57,24234.90,5.33,SL,-347
LONG,2026-06-25,2026-06-29,2026-07-03,2026-07-22 10:15,2026-07-22 11:15,24033.80,23973.70,60.10,SL,-3906,5M,23973.70,24000.00,23991.23,23973.70,17.53,SL,-1140
LONG,2026-05-06,2026-05-11,2026-07-03,2026-07-23 09:15,2026-07-23 10:15,23969.95,23876.20,93.75,SL,-6094,5M,23892.60,23920.35,23911.10,23892.60,18.50,SL,-1202
LONG,2026-07-02,2026-07-08,2026-07-10,2026-07-24 10:15,2026-07-24 13:15,23652.25,23606.30,45.95,TARGET,5974,SKIP,23606.30,23613.45,SKIP,,,SKIP,
LONG,2026-07-14,2026-07-15,2026-07-16,2026-07-27 10:15,2026-07-27 11:15,23939.30,23891.55,47.75,EOD,2977,SKIP,23891.55,23920.65,SKIP,,,SKIP,
