Direction,Entry_TS,Exit_TS,Spot_Entry,Spot_Exit,ATM,Strike,Opt_Type,Expiry,IV_pct,BS_Entry,BS_Exit,Opt_PnL_pts,Opt_PnL_Rs,Spot_PnL_pts,Spot_PnL_Rs,Method,Outcome
LONG,2026-07-01 10:15,2026-07-01 14:35,23909.00,24002.05,23900,23800,CE,2026-07-07,11.5,222.32,284.92,62.60,4695,93.05,6979,5M,SL
LONG,2026-07-02 12:15,2026-07-03 13:15,24088.95,24319.10,24100,24000,CE,2026-07-07,11.6,195.80,356.77,160.97,12073,230.15,17261,5M,SL
LONG,2026-07-03 13:15,2026-07-03 14:20,24200.55,24272.65,24200,24100,CE,2026-07-07,11.6,187.72,237.59,49.87,3740,72.10,5408,TWEAK_FB,SL
LONG,2026-07-06 09:15,2026-07-06 13:50,24378.15,24425.60,24400,24300,CE,2026-07-07,11.6,116.71,147.44,30.73,2305,47.45,3559,TWEAK_FB,SL
LONG,2026-07-06 13:15,2026-07-06 14:40,24378.15,24399.15,24400,24300,CE,2026-07-07,11.6,112.20,125.94,13.74,1030,21.00,1575,TWEAK_FB,SL
LONG,2026-07-07 09:15,2026-07-07 12:15,24378.15,24499.30,24400,24300,CE,2026-07-14,10.7,209.60,290.76,81.16,6087,121.15,9086,TWEAK_FB,SL
LONG,2026-07-08 10:15,2026-07-08 12:15,24238.25,24207.20,24250,24150,CE,2026-07-14,13.7,236.82,216.95,-19.88,-1491,-31.05,-2329,5M,SL
LONG,2026-07-09 10:15,2026-07-09 14:15,24043.90,23927.70,24050,23950,CE,2026-07-14,13.7,222.08,153.69,-68.39,-5129,-116.20,-8715,5M,SL
SHORT,2026-07-10 11:15,2026-07-10 12:25,24202.35,24185.65,24200,24300,PE,2026-07-14,13.9,186.16,195.37,9.22,691,16.70,1252,5M,SL
LONG,2026-07-10 12:15,2026-07-13 09:15,24167.80,24152.05,24150,24050,CE,2026-07-14,13.9,220.91,143.90,-77.01,-5776,-15.75,-1181,5M,SL
LONG,2026-07-13 10:15,2026-07-13 15:15,24094.80,24201.35,24100,24000,CE,2026-07-14,12.3,129.62,212.70,83.08,6231,106.55,7991,5M,SL
SHORT,2026-07-14 10:15,2026-07-15 09:15,24151.55,24157.10,24150,24250,PE,2026-07-21,12.1,199.00,187.24,-11.75,-881,-5.55,-416,5M,SL
SHORT,2026-07-15 11:15,2026-07-15 14:35,24206.35,24098.80,24200,24300,PE,2026-07-21,12.0,185.24,250.86,65.61,4921,107.55,8066,5M,SL
SHORT,2026-07-16 12:15,2026-07-17 09:15,24152.75,24166.80,24150,24250,PE,2026-07-21,11.9,175.87,158.23,-17.64,-1323,-14.05,-1054,5M,SL
LONG,2026-07-17 12:15,2026-07-17 13:15,24265.10,24232.65,24250,24150,CE,2026-07-21,12.4,206.04,184.34,-21.70,-1627,-32.45,-2434,TWEAK_5M,SL
SHORT,2026-07-17 13:15,2026-07-17 14:15,24284.00,24297.50,24300,24400,PE,2026-07-21,12.4,182.16,173.43,-8.72,-654,-13.50,-1012,5M,SL
LONG,2026-07-22 11:15,2026-07-22 12:15,24000.00,23973.70,24000,23900,CE,2026-07-28,11.9,220.23,203.18,-17.04,-1278,-26.30,-1972,5M,SL
SHORT,2026-07-22 12:15,2026-07-22 15:10,24030.50,24014.40,24050,24150,PE,2026-07-28,11.9,197.66,206.30,8.64,648,16.10,1207,TWEAK_5M,SL
SHORT,2026-07-23 09:15,2026-07-23 10:40,23995.25,23969.95,24000,24100,PE,2026-07-28,11.6,177.97,192.77,14.80,1110,25.30,1897,TWEAK_FB,SL
LONG,2026-07-23 10:15,2026-07-23 11:50,23920.35,23943.80,23900,23800,CE,2026-07-28,11.6,216.71,231.79,15.07,1131,23.45,1759,5M,SL
SHORT,2026-07-24 10:15,2026-07-24 11:20,23657.05,23652.25,23650,23750,PE,2026-07-28,11.7,159.36,161.74,2.38,179,4.80,360,TWEAK_5M,SL
