Dir,Zone_Lo,Zone_Hi,D1_Ref_TS,D1_Sweep_TS,D1_Reclaim_TS,Zone_Tap_TS,Ref_Bar_TS,Entry_TS,Entry,SL_Level,Risk_pts,Method,M5_Zone_Lo,M5_Zone_Hi,SL_Hit_TS,OppExit_TS,Exit_Price,Outcome,PnL_pts,PnL_Rs
LONG,25491.90,25579.50,2026-02-05 00:00,2026-02-06 00:00,2026-02-09 00:00,2026-02-13 09:15,2026-02-13 11:15,2026-02-13 12:15,25576.70,25522.80,53.90,5M_FB,,,2026-02-13 13:15,,25522.80,SL,-53.90,-3504
LONG,25491.90,25563.95,2026-02-04 00:00,2026-02-06 00:00,2026-02-09 00:00,2026-02-13 09:15,2026-02-13 11:15,2026-02-13 13:15,25576.70,25522.80,53.90,5M_FB,,,2026-02-13 14:15,,25522.80,SL,-53.90,-3504
SHORT,25703.95,26009.40,2026-02-06 00:00,2026-02-09 00:00,2026-02-13 00:00,2026-02-17 10:15,2026-02-17 12:15,2026-02-17 13:15,25713.90,25764.40,50.50,5M_FB,,,2026-02-18 14:15,,25764.40,SL,-50.50,-3282
SHORT,25757.65,26009.40,2026-02-05 00:00,2026-02-09 00:00,2026-02-13 00:00,2026-02-19 09:15,2026-02-19 09:15,2026-02-19 10:15,25749.45,25885.30,135.85,5M_FB,,,2026-03-04 13:10,,24438.90,SL,1310.55,85186
LONG,22955.25,23556.30,2026-03-12 00:00,2026-03-13 00:00,2026-03-18 00:00,2026-03-19 09:15,2026-03-19 11:15,2026-03-19 12:15,23242.45,23207.55,34.90,5M,23217.85,23242.45,2026-03-19 13:15,,23207.55,SL,-34.90,-2269
LONG,22955.25,23112.00,2026-03-13 00:00,2026-03-16 00:00,2026-03-17 00:00,2026-03-20 09:15,2026-03-20 10:15,2026-03-20 11:15,23269.45,23200.65,68.80,5M,23263.15,23269.45,2026-03-20 12:15,,23200.65,SL,-68.80,-4472
LONG,22471.25,23067.60,2026-03-20 00:00,2026-03-23 00:00,2026-03-25 00:00,2026-03-27 09:15,2026-03-27 12:15,2026-03-27 13:15,22905.95,22905.60,0.35,5M,22905.60,22905.95,2026-03-27 14:15,,22905.60,SL,-0.35,-23
SHORT,22851.70,23465.35,2026-03-23 00:00,2026-03-24 00:00,2026-03-30 00:00,2026-04-01 09:15,2026-04-01 09:15,2026-04-01 10:15,22903.95,22941.30,37.35,5M,22903.95,22941.30,2026-04-01 12:45,,22864.60,SL,39.35,2558
SHORT,22714.10,22941.30,2026-03-30 00:00,2026-04-01 00:00,2026-04-02 00:00,2026-04-06 09:15,2026-04-06 09:15,2026-04-06 10:15,22661.95,22798.25,136.30,5M,22661.95,22746.90,2026-04-06 12:15,,22798.25,SL,-136.30,-8859
LONG,23656.80,23862.25,2026-03-17 00:00,2026-03-18 00:00,2026-03-19 00:00,2026-04-08 09:15,2026-04-08 09:15,2026-04-08 10:15,23899.50,23656.80,242.70,FLIP_5M,23855.20,23899.50,2026-04-08 12:30,,23920.15,SL,20.65,1342
LONG,23502.00,23862.25,2026-03-16 00:00,2026-03-17 00:00,2026-03-19 00:00,2026-04-08 09:15,2026-04-08 09:15,2026-04-08 12:15,23899.50,23502.00,397.50,FLIP_5M,23855.20,23899.50,2026-04-09 09:15,,23985.30,SL,85.80,5577
LONG,22182.55,23618.45,2026-03-18 00:00,2026-03-19 00:00,2026-04-08 00:00,2026-04-13 09:15,2026-04-13 09:15,2026-04-13 10:15,23586.90,23555.60,31.30,5M,23580.35,23586.90,2026-04-13 15:20,,23822.25,SL,235.35,15298
LONG,24280.90,24400.95,2026-04-15 00:00,2026-04-16 00:00,2026-04-17 00:00,2026-04-20 10:15,2026-04-20 10:15,2026-04-20 11:15,24417.55,24280.90,136.65,FLIP_5M,24406.45,24417.55,2026-04-20 13:20,,24407.20,SL,-10.35,-673
LONG,24096.05,24145.80,2026-04-15 00:00,2026-04-16 00:00,2026-04-17 00:00,2026-04-23 09:15,2026-04-23 11:15,2026-04-23 12:15,24202.35,24172.85,29.50,5M,24172.85,24202.35,2026-04-23 14:15,,24172.85,SL,-29.50,-1918
SHORT,24096.05,24102.80,2026-04-16 00:00,2026-04-17 00:00,2026-04-20 00:00,2026-04-24 09:15,2026-04-24 09:15,2026-04-24 10:15,23944.10,24102.80,158.70,FLIP_FB,,,2026-04-24 14:25,,23880.05,SL,64.05,4163
SHORT,24074.05,24601.70,2026-04-10 00:00,2026-04-15 00:00,2026-04-24 00:00,2026-04-27 09:15,2026-04-27 10:15,2026-04-27 11:15,24071.35,24103.15,31.80,5M,24071.35,24088.95,2026-04-27 12:35,,24077.50,SL,-6.15,-400
LONG,22182.55,24079.95,2026-03-10 00:00,2026-03-11 00:00,2026-04-16 00:00,2026-04-27 09:15,2026-04-27 11:15,2026-04-27 12:15,24005.85,23974.40,31.45,5M,23974.40,24005.85,2026-04-27 14:30,,24093.30,SL,87.45,5684
LONG,23990.75,24074.05,2026-04-09 00:00,2026-04-10 00:00,2026-04-13 00:00,2026-04-28 09:15,2026-04-28 09:15,2026-04-28 10:15,24120.55,23990.75,129.80,FLIP_5M,24090.40,24120.55,2026-04-28 11:20,,24124.25,SL,3.70,241
LONG,24025.15,24074.05,2026-04-08 00:00,2026-04-10 00:00,2026-04-13 00:00,2026-04-29 09:15,2026-04-29 09:15,2026-04-29 10:15,24070.35,24025.15,45.20,FLIP_5M,24059.95,24070.35,2026-04-29 13:35,,24293.20,SL,222.85,14485
SHORT,24299.00,24601.70,2026-03-11 00:00,2026-04-16 00:00,2026-04-24 00:00,2026-04-29 11:15,2026-04-29 11:15,2026-04-29 13:40,24281.70,24311.90,30.20,5M,24281.70,24286.40,2026-04-30 12:05,,23857.30,SL,424.40,27586
LONG,23555.60,23856.35,2026-04-10 00:00,2026-04-13 00:00,2026-04-15 00:00,2026-04-30 09:15,2026-04-30 11:15,2026-04-30 12:15,23834.55,23796.85,37.70,5M,23826.30,23834.55,2026-05-04 12:10,,24142.80,SL,308.25,20036
SHORT,24181.80,24334.70,2026-04-28 00:00,2026-04-29 00:00,2026-04-30 00:00,2026-05-04 09:15,2026-05-04 11:15,2026-05-04 12:15,24227.45,24249.15,21.70,5M,24227.45,24249.15,2026-05-04 14:15,,24111.75,SL,115.70,7521
LONG,23796.85,23957.05,2026-04-28 00:00,2026-04-30 00:00,2026-05-04 00:00,2026-05-05 09:15,2026-05-05 11:15,2026-05-05 12:15,23929.45,23882.05,47.40,5M,23882.05,23929.45,2026-05-06 10:50,,24096.50,SL,167.05,10858
SHORT,24130.70,24334.70,2026-04-27 00:00,2026-04-28 00:00,2026-04-30 00:00,2026-05-06 09:15,2026-05-06 09:15,2026-05-06 10:15,24144.90,24250.85,105.95,5M,24144.90,24165.85,2026-05-06 13:30,,24081.75,SL,63.15,4105
SHORT,24206.00,24334.70,2026-04-24 00:00,2026-04-29 00:00,2026-04-30 00:00,2026-05-06 09:15,2026-05-06 09:15,2026-05-06 13:15,24144.90,24250.85,105.95,5M,24144.90,24165.85,2026-05-06 14:15,,24250.85,SL,-105.95,-6887
SHORT,24371.90,24601.70,2026-04-17 00:00,2026-04-20 00:00,2026-04-24 00:00,2026-05-07 09:15,2026-05-07 10:15,2026-05-07 11:15,24350.80,24379.05,28.25,5M,24350.80,24379.05,2026-05-07 12:15,,24379.05,SL,-28.25,-1836
SHORT,24480.65,24601.70,2026-04-20 00:00,2026-04-21 00:00,2026-04-23 00:00,2026-05-07 12:15,2026-05-07 12:15,2026-05-07 13:15,24411.05,24482.10,71.05,5M,24411.05,24420.55,2026-05-08 14:35,,24198.45,SL,212.60,13819
LONG,23796.85,23936.20,2026-04-27 00:00,2026-04-30 00:00,2026-05-04 00:00,2026-05-11 09:15,2026-05-11 10:15,2026-05-11 11:15,23882.10,23845.30,36.80,5M,23845.30,23882.10,2026-05-11 14:15,,23845.30,SL,-36.80,-2392
SHORT,23813.65,24134.80,2026-04-23 00:00,2026-04-24 00:00,2026-04-29 00:00,2026-05-15 09:15,2026-05-15 10:15,2026-05-15 11:15,23815.50,24134.80,319.30,FLIP_5M,23815.50,23839.30,2026-05-15 12:45,,23769.60,SL,45.90,2984
SHORT,23796.85,23813.65,2026-04-24 00:00,2026-04-30 00:00,2026-05-04 00:00,2026-05-15 10:15,2026-05-15 10:15,2026-05-15 12:15,23732.25,23813.65,81.40,FLIP_FB,,,2026-05-18 11:15,,23477.75,SL,254.50,16542
LONG,23262.55,23348.40,2026-05-12 00:00,2026-05-13 00:00,2026-05-14 00:00,2026-05-18 09:15,2026-05-18 09:15,2026-05-18 11:15,23322.30,23317.10,5.20,5M,23317.10,23322.30,2026-05-18 14:20,,23596.45,SL,274.15,17820
SHORT,23777.20,23839.30,2026-05-14 00:00,2026-05-15 00:00,2026-05-18 00:00,2026-05-19 10:15,2026-05-19 10:15,2026-05-19 11:15,23743.30,23782.30,39.00,5M,23743.30,23782.30,2026-05-20 10:30,,23548.60,SL,194.70,12656
LONG,23317.10,23426.55,2026-05-14 00:00,2026-05-18 00:00,2026-05-19 00:00,2026-05-20 09:15,2026-05-20 09:15,2026-05-20 10:30,23520.90,23397.30,123.60,5M,23495.75,23520.90,2026-05-20 13:25,,23579.50,SL,58.60,3809
SHORT,23757.55,23839.30,2026-05-12 00:00,2026-05-14 00:00,2026-05-18 00:00,2026-05-21 09:15,2026-05-21 09:15,2026-05-21 10:15,23794.20,23859.90,65.70,5M,23794.20,23812.00,2026-05-22 09:15,,23652.45,SL,141.75,9214
SHORT,23796.85,24059.95,2026-04-29 00:00,2026-04-30 00:00,2026-05-06 00:00,2026-05-22 09:15,2026-05-22 10:15,2026-05-22 11:15,23795.15,24059.95,264.80,FLIP_5M,23795.15,23797.85,2026-05-22 12:50,,23828.50,SL,-33.35,-2168
SHORT,23796.85,24241.25,2026-04-20 00:00,2026-04-23 00:00,2026-05-07 00:00,2026-05-22 09:15,2026-05-22 10:15,2026-05-22 12:15,23795.15,24241.25,446.10,FLIP_5M,23795.15,23797.85,2026-05-25 09:15,,23751.90,SL,43.25,2811
SHORT,23907.40,24601.70,2026-04-13 00:00,2026-04-15 00:00,2026-05-12 00:00,2026-05-25 09:15,2026-05-25 11:15,2026-05-25 12:15,23981.40,23992.70,11.30,5M,23981.40,23992.70,2026-05-25 13:25,,23983.60,SL,-2.20,-143
SHORT,24081.70,24482.10,2026-05-05 00:00,2026-05-06 00:00,2026-05-11 00:00,2026-05-26 10:15,2026-05-26 10:15,2026-05-26 11:15,24076.15,24089.80,13.65,5M,24076.15,24089.80,2026-05-27 10:10,,23940.05,SL,136.10,8847
LONG,23262.55,23882.05,2026-05-05 00:00,2026-05-11 00:00,2026-05-26 00:00,2026-05-27 09:15,2026-05-27 09:15,2026-05-27 10:15,23896.45,23868.50,27.95,5M,23868.50,23896.45,2026-05-27 12:25,,23918.90,SL,22.45,1459
LONG,23397.30,23587.20,2026-05-19 00:00,2026-05-20 00:00,2026-05-21 00:00,2026-06-01 09:15,2026-06-01 10:15,2026-06-01 11:15,23548.95,23517.70,31.25,5M,23517.70,23548.95,2026-06-01 12:15,,23517.70,SL,-31.25,-2031
LONG,23262.55,23799.10,2026-05-11 00:00,2026-05-12 00:00,2026-05-25 00:00,2026-06-02 09:15,2026-06-02 09:15,2026-06-02 10:15,23281.35,23229.15,52.20,5M,23261.20,23281.35,2026-06-02 12:25,,23276.60,SL,-4.75,-309
LONG,23262.55,23555.60,2026-04-13 00:00,2026-05-12 00:00,2026-05-25 00:00,2026-06-02 09:15,2026-06-02 09:15,2026-06-02 12:15,23281.35,23229.15,52.20,5M,23261.20,23281.35,2026-06-02 14:40,,23456.80,SL,175.45,11404
SHORT,23317.10,23610.30,2026-05-15 00:00,2026-05-18 00:00,2026-05-21 00:00,2026-06-03 09:15,2026-06-03 09:15,2026-06-03 10:15,23277.55,23610.30,332.75,FLIP_5M,23277.55,23299.55,2026-06-03 12:30,,23244.85,SL,32.70,2126
SHORT,23262.55,23796.85,2026-04-30 00:00,2026-05-12 00:00,2026-05-26 00:00,2026-06-03 09:15,2026-06-03 09:15,2026-06-03 12:15,23277.55,23796.85,519.30,FLIP_5M,23277.55,23299.55,2026-06-03 13:45,,23347.55,SL,-70.00,-4550
SHORT,23279.40,23425.35,2026-06-09 00:00,2026-06-10 00:00,2026-06-11 00:00,2026-06-12 09:15,2026-06-12 09:15,2026-06-12 10:15,23379.85,23455.95,76.10,5M,23379.85,23410.65,2026-06-12 11:45,,23378.35,SL,1.50,98
SHORT,23835.65,24089.80,2026-05-22 00:00,2026-05-25 00:00,2026-05-29 00:00,2026-06-15 09:15,2026-06-15 10:15,2026-06-15 11:15,23977.05,24009.10,32.05,5M,23977.05,24009.10,2026-06-15 14:30,,23917.90,SL,59.15,3845
SHORT,23859.90,24089.80,2026-05-21 00:00,2026-05-25 00:00,2026-05-29 00:00,2026-06-16 09:15,2026-06-16 11:15,2026-06-16 12:15,23934.35,23951.40,17.05,5M,23934.35,23949.75,2026-06-16 13:15,,23951.40,SL,-17.05,-1108
LONG,23983.20,24002.80,2026-05-27 00:00,2026-05-29 00:00,2026-06-01 00:00,2026-06-17 09:15,2026-06-17 09:15,2026-06-17 10:15,24054.65,23983.20,71.45,FLIP_5M,24043.15,24054.65,2026-06-17 12:20,,24047.70,SL,-6.95,-452
SHORT,23782.30,24089.80,2026-05-19 00:00,2026-05-21 00:00,2026-05-29 00:00,2026-06-17 09:15,2026-06-17 10:15,2026-06-17 12:15,24075.75,24097.40,21.65,5M,24075.75,24097.40,2026-06-17 14:15,,24097.40,SL,-21.65,-1407
LONG,23839.30,24089.80,2026-05-15 00:00,2026-05-21 00:00,2026-05-29 00:00,2026-06-18 09:15,2026-06-18 11:15,2026-06-18 12:15,24057.60,23839.30,218.30,FLIP_5M,24036.95,24057.60,2026-06-18 14:15,,24094.60,SL,37.00,2405
LONG,23070.15,23922.85,2026-05-25 00:00,2026-05-26 00:00,2026-06-17 00:00,2026-06-19 12:15,2026-06-19 12:15,2026-06-19 13:15,23974.50,23913.15,61.35,5M_FB,,,2026-06-19 14:15,,23913.15,SL,-61.35,-3988
LONG,23695.65,24089.80,2026-05-18 00:00,2026-05-19 00:00,2026-06-02 00:00,2026-06-22 09:15,2026-06-22 09:15,2026-06-22 10:15,24133.85,23695.65,438.20,FLIP_5M,24103.75,24133.85,2026-06-22 11:50,,24136.55,SL,2.70,176
SHORT,24108.20,24189.25,2026-06-17 00:00,2026-06-18 00:00,2026-06-19 00:00,2026-06-22 09:15,2026-06-22 10:15,2026-06-22 11:15,24136.55,24168.05,31.50,5M_FB,,,2026-06-22 14:25,,24129.15,SL,7.40,481
LONG,23070.15,23858.25,2026-05-27 00:00,2026-05-29 00:00,2026-06-15 00:00,2026-06-24 09:15,2026-06-24 09:15,2026-06-24 10:15,23862.05,23789.25,72.80,5M,23810.65,23862.05,2026-06-24 15:10,,24026.50,SL,164.45,10689
LONG,24047.20,24168.05,2026-06-19 00:00,2026-06-22 00:00,2026-06-23 00:00,2026-06-25 09:15,2026-06-25 09:15,2026-06-25 10:15,24169.40,24047.20,122.20,FLIP_5M,24130.50,24169.40,2026-06-25 13:10,,24181.05,SL,11.65,757
LONG,23784.95,24073.15,2026-06-22 00:00,2026-06-23 00:00,2026-06-25 00:00,2026-06-29 09:15,2026-06-29 09:15,2026-06-29 10:20,24069.45,24005.45,64.00,5M,24005.45,24069.45,2026-06-29 11:15,,24005.45,SL,-64.00,-4160
LONG,23070.15,23885.45,2026-05-26 00:00,2026-05-27 00:00,2026-06-17 00:00,2026-06-30 09:15,2026-06-30 10:15,2026-06-30 11:15,23906.00,23871.30,34.70,5M,23871.30,23906.00,2026-06-30 13:20,,23919.80,SL,13.80,897
LONG,23784.95,23901.90,2026-06-19 00:00,2026-06-23 00:00,2026-06-24 00:00,2026-06-30 09:15,2026-06-30 10:15,2026-06-30 13:15,23906.00,23871.30,34.70,5M,23871.30,23906.00,2026-06-30 14:15,,23871.30,SL,-34.70,-2256
LONG,23784.95,24036.95,2026-06-18 00:00,2026-06-19 00:00,2026-06-25 00:00,2026-07-01 09:15,2026-07-01 09:15,2026-07-01 10:15,23909.00,23895.10,13.90,5M,23904.90,23909.00,2026-07-01 14:35,,24002.05,SL,93.05,6048
LONG,23070.15,24126.65,2026-05-08 00:00,2026-05-11 00:00,2026-06-25 00:00,2026-07-02 09:15,2026-07-02 11:15,2026-07-02 12:15,24088.95,24067.50,21.45,5M,24067.50,24088.95,2026-07-03 13:15,,24319.10,SL,230.15,14960
LONG,23070.15,24284.00,2026-05-07 00:00,2026-05-08 00:00,2026-07-07 00:00,2026-07-08 09:15,2026-07-08 09:15,2026-07-08 10:15,24238.25,24207.20,31.05,5M,24207.20,24238.25,2026-07-08 12:15,,24207.20,SL,-31.05,-2018
LONG,23829.20,24039.00,2026-06-25 00:00,2026-06-29 00:00,2026-07-03 00:00,2026-07-09 09:15,2026-07-09 09:15,2026-07-09 10:15,24043.90,23927.70,116.20,5M,24004.20,24043.90,2026-07-09 14:15,,23927.70,SL,-116.20,-7553
SHORT,24194.55,24530.90,2026-07-02 00:00,2026-07-03 00:00,2026-07-08 00:00,2026-07-10 09:15,2026-07-10 10:15,2026-07-10 11:15,24202.35,24218.85,16.50,5M,24202.35,24218.85,2026-07-10 12:25,,24185.65,SL,16.70,1085
LONG,23070.15,24352.90,2026-04-22 00:00,2026-04-23 00:00,2026-07-07 00:00,2026-07-10 09:15,2026-07-10 11:15,2026-07-10 12:15,24167.80,24152.05,15.75,5M,24152.05,24167.80,2026-07-13 09:15,,24152.05,SL,-15.75,-1024
LONG,23805.20,24058.80,2026-07-02 00:00,2026-07-08 00:00,2026-07-10 00:00,2026-07-13 09:15,2026-07-13 09:15,2026-07-13 10:15,24094.80,24000.20,94.60,5M,24014.65,24094.80,2026-07-13 15:15,,24201.35,SL,106.55,6926
SHORT,24049.90,24530.90,2026-07-01 00:00,2026-07-02 00:00,2026-07-08 00:00,2026-07-14 09:15,2026-07-14 09:15,2026-07-14 10:15,24151.55,24157.10,5.55,5M,24151.55,24157.10,2026-07-15 09:15,,24157.10,SL,-5.55,-361
SHORT,24035.55,24530.90,2026-06-30 00:00,2026-07-01 00:00,2026-07-08 00:00,2026-07-15 09:15,2026-07-15 10:15,2026-07-15 11:15,24206.35,24220.35,14.00,5M,24206.35,24212.65,2026-07-15 14:35,,24098.80,SL,107.55,6991
SHORT,24120.00,24530.90,2026-06-29 00:00,2026-07-02 00:00,2026-07-08 00:00,2026-07-16 09:15,2026-07-16 11:15,2026-07-16 12:15,24152.75,24166.80,14.05,5M,24152.75,24166.80,2026-07-17 09:15,,24166.80,SL,-14.05,-913
LONG,24168.05,24261.60,2026-06-22 00:00,2026-06-25 00:00,2026-06-29 00:00,2026-07-17 11:15,2026-07-17 11:15,2026-07-17 12:15,24265.10,24168.05,97.05,FLIP_5M,24264.90,24265.10,2026-07-17 13:40,,24259.75,SL,-5.35,-348
SHORT,24261.60,24530.90,2026-06-25 00:00,2026-07-03 00:00,2026-07-08 00:00,2026-07-17 10:15,2026-07-17 12:15,2026-07-17 13:15,24284.00,24297.50,13.50,5M,24284.00,24297.50,2026-07-17 14:15,,24297.50,SL,-13.50,-878
LONG,23070.15,23997.90,2026-05-06 00:00,2026-05-11 00:00,2026-07-03 00:00,2026-07-22 10:15,2026-07-22 10:15,2026-07-22 11:15,24000.00,23973.70,26.30,5M,23973.70,24000.00,2026-07-22 12:15,,23973.70,SL,-26.30,-1709
LONG,23805.20,23895.10,2026-07-01 00:00,2026-07-08 00:00,2026-07-09 00:00,2026-07-23 09:15,2026-07-23 09:15,2026-07-23 10:15,23920.35,23876.20,44.15,5M,23892.60,23920.35,2026-07-23 11:50,,23943.80,SL,23.45,1524
