Direction,Trap_TS,Zone_Entry_TS,Ref_Bar_TS,Entry_TS,Entry,SL,Target,Risk_pts,Exit_TS,Exit_Price,Exit_Reason,PnL_pts,PnL_Rs
LONG,2026-02-09 00:00,2026-02-13 09:15,2026-02-13 11:15,2026-02-13 12:15,25576.70,25522.80,25684.50,53.90,2026-02-13 13:15,25522.80,sl,-53.90,-3504
LONG,2026-02-09 00:00,2026-02-13 09:15,2026-02-13 11:15,2026-02-13 13:15,25576.70,25522.80,25684.50,53.90,2026-02-13 14:15,25522.80,sl,-53.90,-3504
LONG,2026-02-09 00:00,2026-02-16 09:15,2026-02-16 09:15,2026-02-16 10:15,25556.50,25372.70,25924.10,183.80,2026-02-16 15:15,25687.05,eod,130.55,8486
LONG,2026-02-09 00:00,2026-02-17 09:15,2026-02-17 09:15,2026-02-17 10:15,25682.00,25570.30,25905.40,111.70,2026-02-17 15:15,25725.45,eod,43.45,2824
SHORT,2026-02-13 00:00,2026-02-18 09:15,2026-02-18 09:15,2026-02-18 10:15,25650.25,25759.75,25431.25,109.50,2026-02-18 14:15,25759.75,sl,-109.50,-7118
SHORT,2026-02-13 00:00,2026-02-19 09:15,2026-02-19 09:15,2026-02-19 10:15,25749.45,25885.30,25477.75,135.85,2026-02-19 14:15,25477.75,target,271.70,17660
LONG,2026-02-09 00:00,2026-02-20 09:15,2026-02-20 09:15,2026-02-20 10:15,25524.70,25379.75,25814.60,144.95,2026-02-20 15:15,25570.85,eod,46.15,3000
SHORT,2026-02-13 00:00,2026-02-23 09:15,2026-02-23 10:15,2026-02-23 11:15,25646.60,25733.70,25472.40,87.10,2026-02-23 15:15,25711.30,eod,-64.70,-4206
SHORT,2026-02-19 00:00,2026-02-24 09:15,2026-02-24 09:15,2026-02-24 10:15,25482.85,25641.80,25164.95,158.95,2026-02-24 15:15,25422.20,eod,60.65,3942
LONG,2026-02-09 00:00,2026-02-25 09:15,2026-02-25 09:15,2026-02-25 10:15,25633.25,25507.90,25883.95,125.35,2026-02-25 12:15,25507.90,sl,-125.35,-8148
SHORT,2026-02-19 00:00,2026-02-25 09:15,2026-02-25 09:15,2026-02-25 12:15,25507.90,25633.25,25257.20,125.35,2026-02-25 15:15,25477.05,eod,30.85,2005
LONG,2026-02-09 00:00,2026-02-26 09:15,2026-02-26 10:15,2026-02-26 11:15,25562.00,25491.70,25702.60,70.30,2026-02-26 12:15,25491.70,sl,-70.30,-4569
LONG,2026-02-09 00:00,2026-02-27 09:15,2026-02-27 12:15,2026-02-27 13:15,25313.15,25268.70,25402.05,44.45,2026-02-27 14:15,25268.70,sl,-44.45,-2889
LONG,2026-02-17 00:00,2026-03-02 09:15,2026-03-02 12:15,2026-03-02 13:15,24756.00,24679.10,24909.80,76.90,2026-03-02 15:15,24905.25,eod,149.25,9701
LONG,2026-02-17 00:00,2026-03-04 09:15,2026-03-04 11:15,2026-03-04 12:15,24438.90,24354.15,24608.40,84.75,2026-03-04 15:15,24464.85,eod,25.95,1687
LONG,2026-02-17 00:00,2026-03-05 09:15,2026-03-05 09:15,2026-03-05 10:15,24656.70,24530.05,24910.00,126.65,2026-03-05 14:15,24530.05,sl,-126.65,-8232
LONG,2026-02-17 00:00,2026-03-06 09:15,2026-03-06 12:15,2026-03-06 13:15,24623.35,24576.05,24717.95,47.30,2026-03-06 14:15,24576.05,sl,-47.30,-3074
LONG,2026-02-17 00:00,2026-03-09 09:15,2026-03-09 10:15,2026-03-09 11:15,23896.00,23744.85,24198.30,151.15,2026-03-09 15:15,24047.15,eod,151.15,9825
LONG,2026-02-23 00:00,2026-03-10 09:15,2026-03-10 10:15,2026-03-10 11:15,24233.20,24149.30,24401.00,83.90,2026-03-10 12:15,24149.30,sl,-83.90,-5454
LONG,2026-02-23 00:00,2026-03-10 12:15,2026-03-10 12:15,2026-03-10 13:15,24236.50,24142.45,24424.60,94.05,2026-03-10 15:15,24257.40,eod,20.90,1359
LONG,2026-02-23 00:00,2026-03-12 09:15,2026-03-12 09:15,2026-03-12 10:15,23696.75,23556.30,23977.65,140.45,2026-03-12 15:15,23636.35,eod,-60.40,-3926
LONG,2026-02-23 00:00,2026-03-13 09:15,2026-03-13 10:15,2026-03-13 11:15,23379.55,23305.75,23527.15,73.80,2026-03-13 12:15,23305.75,sl,-73.80,-4797
LONG,2026-03-18 00:00,2026-03-19 09:15,2026-03-19 11:15,2026-03-19 12:15,23268.75,23207.55,23391.15,61.20,2026-03-19 13:15,23207.55,sl,-61.20,-3978
LONG,2026-03-17 00:00,2026-03-20 09:15,2026-03-20 10:15,2026-03-20 11:15,23317.90,23200.65,23552.40,117.25,2026-03-20 12:15,23200.65,sl,-117.25,-7621
LONG,2026-03-18 00:00,2026-03-20 09:15,2026-03-20 12:15,2026-03-20 13:15,23251.20,23120.35,23512.90,130.85,2026-03-20 14:15,23120.35,sl,-130.85,-8505
LONG,2026-03-17 00:00,2026-03-23 09:15,2026-03-23 12:15,2026-03-23 13:15,22555.90,22471.25,22725.20,84.65,2026-03-23 15:15,22509.55,eod,-46.35,-3013
LONG,2026-03-17 00:00,2026-03-24 09:15,2026-03-24 10:15,2026-03-24 11:15,22766.80,22624.20,23052.00,142.60,2026-03-24 13:15,23052.00,target,285.20,18538
LONG,2026-03-18 00:00,2026-03-24 09:15,2026-03-24 10:15,2026-03-24 13:15,22766.80,22624.20,23052.00,142.60,2026-03-24 15:15,22901.15,eod,134.35,8733
LONG,2026-03-17 00:00,2026-03-25 09:15,2026-03-25 09:15,2026-03-25 10:15,23310.35,23063.20,23804.65,247.15,2026-03-25 15:15,23302.95,eod,-7.40,-481
LONG,2026-03-17 00:00,2026-03-27 09:15,2026-03-27 12:15,2026-03-27 13:15,22973.20,22905.60,23108.40,67.60,2026-03-27 14:15,22905.60,sl,-67.60,-4394
SHORT,2026-03-30 00:00,2026-04-01 09:15,2026-04-01 09:15,2026-04-01 10:15,22809.00,22941.30,22544.40,132.30,2026-04-01 15:15,22671.10,eod,137.90,8964
LONG,2026-03-17 00:00,2026-04-02 09:15,2026-04-02 10:15,2026-04-02 11:15,22250.20,22188.95,22372.70,61.25,2026-04-02 12:15,22372.70,target,122.50,7962
LONG,2026-03-18 00:00,2026-04-02 09:15,2026-04-02 10:15,2026-04-02 12:15,22250.20,22188.95,22372.70,61.25,2026-04-02 13:15,22372.70,target,122.50,7962
LONG,2026-03-17 00:00,2026-04-02 12:15,2026-04-02 12:15,2026-04-02 13:15,22406.00,22231.25,22755.50,174.75,2026-04-02 14:15,22755.50,target,349.50,22718
SHORT,2026-04-02 00:00,2026-04-06 09:15,2026-04-06 09:15,2026-04-06 10:15,22561.90,22798.25,22089.20,236.35,2026-04-06 12:15,22798.25,sl,-236.35,-15363
LONG,2026-03-17 00:00,2026-04-06 09:15,2026-04-06 10:15,2026-04-06 12:15,22679.70,22542.95,22953.20,136.75,2026-04-06 14:15,22953.20,target,273.50,17778
LONG,2026-03-18 00:00,2026-04-07 09:15,2026-04-07 09:15,2026-04-07 10:15,22928.70,22719.30,23347.50,209.40,2026-04-07 15:15,23109.40,eod,180.70,11746
SHORT,2026-03-19 00:00,2026-04-08 09:15,2026-04-08 11:15,2026-04-08 12:15,23920.15,24014.00,23732.45,93.85,2026-04-08 13:15,24014.00,sl,-93.85,-6100
SHORT,2026-03-27 00:00,2026-04-09 09:15,2026-04-09 11:15,2026-04-09 12:15,23814.20,23907.30,23628.00,93.10,2026-04-09 15:15,23792.95,eod,21.25,1381
SHORT,2026-03-27 00:00,2026-04-10 09:15,2026-04-10 10:15,2026-04-10 11:15,23972.30,24036.20,23844.50,63.90,2026-04-10 13:15,24036.20,sl,-63.90,-4154
LONG,2026-04-08 00:00,2026-04-13 09:15,2026-04-13 09:15,2026-04-13 10:15,23699.70,23555.60,23987.90,144.10,2026-04-13 15:15,23843.65,eod,143.95,9357
SHORT,2026-03-27 00:00,2026-04-15 09:15,2026-04-15 10:15,2026-04-15 11:15,24177.60,24273.15,23986.50,95.55,2026-04-15 15:15,24228.70,eod,-51.10,-3322
SHORT,2026-03-27 00:00,2026-04-16 09:15,2026-04-16 10:15,2026-04-16 11:15,24292.45,24333.20,24210.95,40.75,2026-04-16 12:15,24210.95,target,81.50,5298
SHORT,2026-03-27 00:00,2026-04-16 09:15,2026-04-16 10:15,2026-04-16 12:15,24292.45,24333.20,24210.95,40.75,2026-04-16 13:15,24210.95,target,81.50,5298
SHORT,2026-03-27 00:00,2026-04-16 12:15,2026-04-16 12:15,2026-04-16 13:15,24107.45,24189.70,23942.95,82.25,2026-04-16 14:15,24189.70,sl,-82.25,-5346
SHORT,2026-04-02 00:00,2026-04-20 09:15,2026-04-20 11:15,2026-04-20 12:15,24407.20,24473.25,24275.10,66.05,2026-04-20 15:15,24382.25,eod,24.95,1622
SHORT,2026-04-02 00:00,2026-04-21 09:15,2026-04-21 12:15,2026-04-21 13:15,24525.35,24571.25,24433.55,45.90,2026-04-21 14:15,24571.25,sl,-45.90,-2984
SHORT,2026-04-02 00:00,2026-04-22 09:15,2026-04-22 12:15,2026-04-22 13:15,24395.50,24437.70,24311.10,42.20,2026-04-22 15:15,24382.05,eod,13.45,874
SHORT,2026-04-13 00:00,2026-04-23 09:15,2026-04-23 10:15,2026-04-23 11:15,24185.20,24291.65,23972.30,106.45,2026-04-23 15:15,24161.30,eod,23.90,1554
SHORT,2026-04-13 00:00,2026-04-24 09:15,2026-04-24 09:15,2026-04-24 10:15,23944.10,24206.00,23420.30,261.90,2026-04-24 15:15,23895.25,eod,48.85,3175
SHORT,2026-04-13 00:00,2026-04-27 09:15,2026-04-27 10:15,2026-04-27 11:15,24013.00,24103.15,23832.70,90.15,2026-04-27 13:15,24103.15,sl,-90.15,-5860
LONG,2026-04-16 00:00,2026-04-27 09:15,2026-04-27 10:15,2026-04-27 13:15,24103.15,24013.00,24283.45,90.15,2026-04-27 15:15,24095.15,eod,-8.00,-520
LONG,2026-04-16 00:00,2026-04-28 09:15,2026-04-28 09:15,2026-04-28 10:15,24168.55,23999.25,24507.15,169.30,2026-04-28 12:15,23999.25,sl,-169.30,-11004
SHORT,2026-04-13 00:00,2026-04-28 09:15,2026-04-28 10:15,2026-04-28 12:15,24124.25,24181.80,24009.15,57.55,2026-04-28 13:15,24009.15,target,115.10,7481
SHORT,2026-04-13 00:00,2026-04-28 09:15,2026-04-28 10:15,2026-04-28 13:15,24124.25,24181.80,24009.15,57.55,2026-04-28 14:15,24009.15,target,115.10,7481
LONG,2026-04-16 00:00,2026-04-29 09:15,2026-04-29 09:15,2026-04-29 10:15,24236.80,24059.95,24590.50,176.85,2026-04-29 15:15,24170.00,eod,-66.80,-4342
SHORT,2026-04-13 00:00,2026-04-30 09:15,2026-04-30 09:15,2026-04-30 10:15,23824.10,24019.15,23434.00,195.05,2026-04-30 13:15,24019.15,sl,-195.05,-12678
LONG,2026-04-10 00:00,2026-04-30 09:15,2026-04-30 10:15,2026-04-30 13:15,23857.30,23798.50,23974.90,58.80,2026-04-30 14:15,23974.90,target,117.60,7644
LONG,2026-04-16 00:00,2026-05-04 09:15,2026-05-04 10:15,2026-05-04 11:15,24240.65,24142.80,24436.35,97.85,2026-05-04 12:15,24142.80,sl,-97.85,-6360
SHORT,2026-04-17 00:00,2026-05-04 09:15,2026-05-04 10:15,2026-05-04 12:15,24142.80,24240.65,23947.10,97.85,2026-05-04 15:15,24125.05,eod,17.75,1154
LONG,2026-04-16 00:00,2026-05-05 09:15,2026-05-05 11:15,2026-05-05 12:15,23966.75,23882.05,24136.15,84.70,2026-05-05 15:15,24044.00,eod,77.25,5021
SHORT,2026-04-24 00:00,2026-05-06 09:15,2026-05-06 09:15,2026-05-06 10:15,24096.50,24250.85,23787.80,154.35,2026-05-06 14:15,24250.85,sl,-154.35,-10033
SHORT,2026-04-17 00:00,2026-05-07 09:15,2026-05-07 10:15,2026-05-07 11:15,24310.05,24379.05,24172.05,69.00,2026-05-07 12:15,24379.05,sl,-69.00,-4485
SHORT,2026-04-17 00:00,2026-05-07 12:15,2026-05-07 12:15,2026-05-07 13:15,24329.70,24482.10,24024.90,152.40,2026-05-07 15:15,24303.25,eod,26.45,1719
SHORT,2026-04-24 00:00,2026-05-08 09:15,2026-05-08 10:15,2026-05-08 11:15,24181.25,24243.95,24055.85,62.70,2026-05-08 15:15,24180.60,eod,0.65,42
LONG,2026-04-29 00:00,2026-05-11 09:15,2026-05-11 10:15,2026-05-11 11:15,23922.55,23845.30,24077.05,77.25,2026-05-11 14:15,23845.30,sl,-77.25,-5021
LONG,2026-04-29 00:00,2026-05-13 09:15,2026-05-13 10:15,2026-05-13 11:15,23478.60,23368.05,23699.70,110.55,2026-05-13 15:15,23425.40,eod,-53.20,-3458
LONG,2026-04-29 00:00,2026-05-14 09:15,2026-05-14 10:15,2026-05-14 11:15,23537.50,23426.55,23759.40,110.95,2026-05-14 13:15,23759.40,target,221.90,14424
LONG,2026-05-04 00:00,2026-05-14 09:15,2026-05-14 10:15,2026-05-14 13:15,23537.50,23426.55,23759.40,110.95,2026-05-14 14:15,23759.40,target,221.90,14424
LONG,2026-04-29 00:00,2026-05-15 09:15,2026-05-15 09:15,2026-05-15 10:15,23837.00,23663.35,24184.30,173.65,2026-05-15 14:15,23663.35,sl,-173.65,-11287
LONG,2026-04-29 00:00,2026-05-18 09:15,2026-05-18 10:15,2026-05-18 11:15,23477.75,23353.90,23725.45,123.85,2026-05-18 15:15,23634.25,eod,156.50,10172
LONG,2026-04-29 00:00,2026-05-19 09:15,2026-05-19 09:15,2026-05-19 10:15,23768.95,23647.40,24012.05,121.55,2026-05-19 14:15,23647.40,sl,-121.55,-7901
LONG,2026-05-04 00:00,2026-05-20 09:15,2026-05-20 09:15,2026-05-20 10:15,23548.60,23397.30,23851.20,151.30,2026-05-20 15:15,23668.05,eod,119.45,7764
SHORT,2026-05-18 00:00,2026-05-21 09:15,2026-05-21 09:15,2026-05-21 10:15,23728.05,23859.90,23464.35,131.85,2026-05-21 15:15,23639.55,eod,88.50,5752
LONG,2026-05-04 00:00,2026-05-22 09:15,2026-05-22 10:15,2026-05-22 11:15,23797.85,23759.65,23874.25,38.20,2026-05-22 12:15,23759.65,sl,-38.20,-2483
LONG,2026-05-04 00:00,2026-05-22 09:15,2026-05-22 10:15,2026-05-22 12:15,23797.85,23759.65,23874.25,38.20,2026-05-22 13:15,23759.65,sl,-38.20,-2483
LONG,2026-05-04 00:00,2026-05-22 09:15,2026-05-22 10:15,2026-05-22 13:15,23797.85,23759.65,23874.25,38.20,2026-05-22 14:15,23759.65,sl,-38.20,-2483
LONG,2026-05-06 00:00,2026-05-25 09:15,2026-05-25 09:15,2026-05-25 10:15,23989.10,23922.85,24121.60,66.25,2026-05-25 15:15,24035.85,eod,46.75,3039
LONG,2026-05-06 00:00,2026-05-26 09:15,2026-05-26 09:15,2026-05-26 10:15,24077.20,23965.70,24300.20,111.50,2026-05-26 13:15,23965.70,sl,-111.50,-7248
SHORT,2026-05-12 00:00,2026-05-26 09:15,2026-05-26 09:15,2026-05-26 13:15,23965.70,24077.20,23742.70,111.50,2026-05-26 15:15,23907.70,eod,58.00,3770
LONG,2026-05-07 00:00,2026-05-27 09:15,2026-05-27 09:15,2026-05-27 10:15,23950.15,23868.50,24113.45,81.65,2026-05-27 14:15,23868.50,sl,-81.65,-5307
SHORT,2026-05-12 00:00,2026-05-29 09:15,2026-05-29 10:15,2026-05-29 11:15,23877.65,23951.90,23729.15,74.25,2026-05-29 14:15,23729.15,target,148.50,9652
LONG,2026-05-21 00:00,2026-06-01 09:15,2026-06-01 10:15,2026-06-01 11:15,23615.50,23517.70,23811.10,97.80,2026-06-01 12:15,23517.70,sl,-97.80,-6357
LONG,2026-05-14 00:00,2026-06-02 09:15,2026-06-02 09:15,2026-06-02 10:15,23325.15,23229.15,23517.15,96.00,2026-06-02 13:15,23517.15,target,192.00,12480
LONG,2026-05-19 00:00,2026-06-02 09:15,2026-06-02 09:15,2026-06-02 13:15,23325.15,23229.15,23517.15,96.00,2026-06-02 14:15,23517.15,target,192.00,12480
LONG,2026-05-14 00:00,2026-06-03 09:15,2026-06-03 11:15,2026-06-03 12:15,23244.85,23151.50,23431.55,93.35,2026-06-03 14:15,23431.55,target,186.70,12135
LONG,2026-05-19 00:00,2026-06-04 09:15,2026-06-04 09:15,2026-06-04 10:15,23443.70,23247.30,23836.50,196.40,2026-06-04 15:15,23417.05,eod,-26.65,-1732
LONG,2026-05-19 00:00,2026-06-05 09:15,2026-06-05 11:15,2026-06-05 12:15,23452.20,23393.10,23570.40,59.10,2026-06-05 13:15,23393.10,sl,-59.10,-3842
LONG,2026-05-19 00:00,2026-06-08 09:15,2026-06-08 09:15,2026-06-08 10:15,23202.00,23070.15,23465.70,131.85,2026-06-08 15:15,23134.05,eod,-67.95,-4417
LONG,2026-05-21 00:00,2026-06-09 09:15,2026-06-09 10:15,2026-06-09 11:15,23177.35,23129.10,23273.85,48.25,2026-06-09 14:15,23273.85,target,96.50,6272
LONG,2026-05-21 00:00,2026-06-10 09:15,2026-06-10 09:15,2026-06-10 10:15,23384.45,23217.30,23718.75,167.15,2026-06-10 14:15,23217.30,sl,-167.15,-10865
LONG,2026-05-25 00:00,2026-06-11 09:15,2026-06-11 09:15,2026-06-11 10:15,23172.85,23072.05,23374.45,100.80,2026-06-11 15:15,23165.30,eod,-7.55,-491
SHORT,2026-06-11 00:00,2026-06-12 09:15,2026-06-12 09:15,2026-06-12 10:15,23327.65,23455.95,23071.05,128.30,2026-06-12 13:15,23455.95,sl,-128.30,-8339
LONG,2026-05-25 00:00,2026-06-12 09:15,2026-06-12 10:15,2026-06-12 13:15,23378.35,23322.65,23489.75,55.70,2026-06-12 14:15,23489.75,target,111.40,7241
SHORT,2026-05-29 00:00,2026-06-15 09:15,2026-06-15 10:15,2026-06-15 11:15,23935.60,24009.10,23788.60,73.50,2026-06-15 15:15,23845.10,eod,90.50,5882
SHORT,2026-05-29 00:00,2026-06-16 09:15,2026-06-16 11:15,2026-06-16 12:15,23911.45,23951.40,23831.55,39.95,2026-06-16 13:15,23951.40,sl,-39.95,-2597
SHORT,2026-05-29 00:00,2026-06-17 09:15,2026-06-17 11:15,2026-06-17 12:15,24047.70,24108.20,23926.70,60.50,2026-06-17 15:15,24083.60,eod,-35.90,-2333
SHORT,2026-05-29 00:00,2026-06-18 09:15,2026-06-18 10:15,2026-06-18 11:15,24059.55,24130.80,23917.05,71.25,2026-06-18 12:15,24130.80,sl,-71.25,-4631
SHORT,2026-06-01 00:00,2026-06-19 09:15,2026-06-19 09:15,2026-06-19 10:15,23938.75,24011.25,23793.75,72.50,2026-06-19 14:15,24011.25,sl,-72.50,-4712
SHORT,2026-06-02 00:00,2026-06-22 09:15,2026-06-22 10:15,2026-06-22 11:15,24136.55,24168.05,24073.55,31.50,2026-06-22 15:15,24105.50,eod,31.05,2018
SHORT,2026-06-08 00:00,2026-06-23 09:15,2026-06-23 10:15,2026-06-23 11:15,24083.55,24130.10,23990.45,46.55,2026-06-23 12:15,23990.45,target,93.10,6051
SHORT,2026-06-08 00:00,2026-06-23 09:15,2026-06-23 10:15,2026-06-23 12:15,24083.55,24130.10,23990.45,46.55,2026-06-23 13:15,23990.45,target,93.10,6051
SHORT,2026-06-08 00:00,2026-06-23 12:15,2026-06-23 12:15,2026-06-23 13:15,23908.85,23973.25,23780.05,64.40,2026-06-23 15:15,23828.70,eod,80.15,5210
LONG,2026-06-15 00:00,2026-06-24 09:15,2026-06-24 09:15,2026-06-24 10:15,23919.20,23789.25,24179.10,129.95,2026-06-24 15:15,24006.00,eod,86.80,5642
SHORT,2026-06-08 00:00,2026-06-25 09:15,2026-06-25 11:15,2026-06-25 12:15,24181.05,24261.60,24019.95,80.55,2026-06-25 15:15,24056.95,eod,124.10,8066
LONG,2026-06-25 00:00,2026-06-29 09:15,2026-06-29 09:15,2026-06-29 10:15,24110.75,24005.45,24321.35,105.30,2026-06-29 11:15,24005.45,sl,-105.30,-6844
SHORT,2026-06-11 00:00,2026-06-29 09:15,2026-06-29 10:15,2026-06-29 11:15,24047.40,24120.00,23902.20,72.60,2026-06-29 15:15,23943.70,eod,103.70,6741
LONG,2026-06-15 00:00,2026-06-30 09:15,2026-06-30 10:15,2026-06-30 11:15,23944.95,23871.30,24092.25,73.65,2026-06-30 14:15,23871.30,sl,-73.65,-4787
LONG,2026-06-17 00:00,2026-07-01 09:15,2026-07-01 09:15,2026-07-01 10:15,23996.40,23895.10,24199.00,101.30,2026-07-01 15:15,24005.60,eod,9.20,598
SHORT,2026-06-19 00:00,2026-07-02 09:15,2026-07-02 10:15,2026-07-02 11:15,24070.30,24116.80,23977.30,46.50,2026-07-02 12:15,24116.80,sl,-46.50,-3022
LONG,2026-06-25 00:00,2026-07-02 09:15,2026-07-02 10:15,2026-07-02 12:15,24116.80,24070.30,24209.80,46.50,2026-07-02 15:15,24176.90,eod,60.10,3907
SHORT,2026-06-19 00:00,2026-07-03 09:15,2026-07-03 11:15,2026-07-03 12:15,24319.10,24373.25,24210.80,54.15,2026-07-03 15:15,24273.40,eod,45.70,2970
SHORT,2026-06-19 00:00,2026-07-06 09:15,2026-07-06 12:15,2026-07-06 13:15,24425.60,24455.40,24366.00,29.80,2026-07-06 15:15,24438.20,eod,-12.60,-819
SHORT,2026-06-19 00:00,2026-07-07 09:15,2026-07-07 11:15,2026-07-07 12:15,24499.30,24530.90,24436.10,31.60,2026-07-07 13:15,24436.10,target,63.20,4108
SHORT,2026-06-23 00:00,2026-07-07 09:15,2026-07-07 11:15,2026-07-07 13:15,24499.30,24530.90,24436.10,31.60,2026-07-07 14:15,24436.10,target,63.20,4108
LONG,2026-07-07 00:00,2026-07-08 09:15,2026-07-08 09:15,2026-07-08 10:15,24295.25,24207.20,24471.35,88.05,2026-07-08 12:15,24207.20,sl,-88.05,-5723
SHORT,2026-06-19 00:00,2026-07-08 09:15,2026-07-08 10:15,2026-07-08 12:15,24219.25,24300.00,24057.75,80.75,2026-07-08 13:15,24057.75,target,161.50,10498
SHORT,2026-06-23 00:00,2026-07-08 09:15,2026-07-08 10:15,2026-07-08 13:15,24219.25,24300.00,24057.75,80.75,2026-07-08 14:15,24057.75,target,161.50,10498
LONG,2026-06-22 00:00,2026-07-09 09:15,2026-07-09 09:15,2026-07-09 10:15,24076.80,23927.70,24375.00,149.10,2026-07-09 14:15,23927.70,sl,-149.10,-9691
SHORT,2026-06-23 00:00,2026-07-10 09:15,2026-07-10 10:15,2026-07-10 11:15,24174.95,24218.85,24087.15,43.90,2026-07-10 14:15,24218.85,sl,-43.90,-2853
LONG,2026-06-25 00:00,2026-07-13 09:15,2026-07-13 09:15,2026-07-13 10:15,24128.80,24000.20,24386.00,128.60,2026-07-13 15:15,24204.80,eod,76.00,4940
SHORT,2026-07-08 00:00,2026-07-14 09:15,2026-07-14 09:15,2026-07-14 10:15,24050.55,24157.10,23837.45,106.55,2026-07-14 15:15,24052.50,eod,-1.95,-127
LONG,2026-06-25 00:00,2026-07-15 09:15,2026-07-15 09:15,2026-07-15 10:15,24218.15,24069.05,24516.35,149.10,2026-07-15 12:15,24069.05,sl,-149.10,-9692
SHORT,2026-06-29 00:00,2026-07-15 09:15,2026-07-15 09:15,2026-07-15 12:15,24069.05,24218.15,23770.85,149.10,2026-07-15 15:15,24076.10,eod,-7.05,-458
LONG,2026-07-07 00:00,2026-07-16 09:15,2026-07-16 09:15,2026-07-16 10:15,24167.40,24097.05,24308.10,70.35,2026-07-16 13:15,24097.05,sl,-70.35,-4573
SHORT,2026-06-29 00:00,2026-07-16 10:15,2026-07-16 10:15,2026-07-16 13:15,24107.45,24186.50,23949.35,79.05,2026-07-16 15:15,24071.15,eod,36.30,2359
LONG,2026-07-07 00:00,2026-07-17 09:15,2026-07-17 09:15,2026-07-17 10:15,24249.20,24099.05,24549.50,150.15,2026-07-17 15:15,24328.90,eod,79.70,5181
SHORT,2026-07-08 00:00,2026-07-20 09:15,2026-07-20 10:15,2026-07-20 11:15,24207.35,24239.20,24143.65,31.85,2026-07-20 12:15,24143.65,target,63.70,4141
LONG,2026-07-07 00:00,2026-07-20 09:15,2026-07-20 11:15,2026-07-20 12:15,24224.80,24174.25,24325.90,50.55,2026-07-20 15:15,24240.15,eod,15.35,998
SHORT,2026-07-08 00:00,2026-07-21 09:15,2026-07-21 09:15,2026-07-21 10:15,24203.60,24262.20,24086.40,58.60,2026-07-21 15:15,24183.40,eod,20.20,1313
SHORT,2026-07-08 00:00,2026-07-22 09:15,2026-07-22 09:15,2026-07-22 10:15,24008.70,24166.30,23693.50,157.60,2026-07-22 15:15,24021.60,eod,-12.90,-838
LONG,2026-07-03 00:00,2026-07-23 09:15,2026-07-23 09:15,2026-07-23 10:15,23969.95,23876.20,24157.45,93.75,2026-07-23 12:15,23876.20,sl,-93.75,-6094
LONG,2026-07-07 00:00,2026-07-24 09:15,2026-07-24 10:15,2026-07-24 11:15,23652.25,23606.30,23744.15,45.95,2026-07-24 12:15,23744.15,target,91.90,5974
LONG,2026-07-07 00:00,2026-07-24 09:15,2026-07-24 10:15,2026-07-24 12:15,23652.25,23606.30,23744.15,45.95,2026-07-24 13:15,23744.15,target,91.90,5974
LONG,2026-07-07 00:00,2026-07-24 12:15,2026-07-24 12:15,2026-07-24 13:15,23808.70,23701.35,24023.40,107.35,2026-07-24 15:15,23771.45,eod,-37.25,-2421
LONG,2026-07-07 00:00,2026-07-27 09:15,2026-07-27 10:15,2026-07-27 11:15,23939.30,23891.55,24034.80,47.75,2026-07-27 15:15,23985.10,eod,45.80,2977
